simulation,data_model,parameter,true_value,fitting_model,estimate_median,estimate_lower,estimate_upper,Rhat,error,alpha,sigma,b_for,alpha_estimate,sigma_estimate,b_for_estimate
3,Beverton-Holt,alpha,1.85,Ricker,0.47,0.07,0.93,1.002,-74.5945945945946,1.85,1.2,-0.46,0.47,1.35,-0.62
3,Beverton-Holt,b_for,-0.46,Ricker,-0.62,-1.07,-0.16,1.002,34.78260869565217,1.85,1.2,-0.46,0.47,1.35,-0.62
3,Beverton-Holt,sigma,1.2,Ricker,1.35,1.1,1.68,1.002,12.500000000000012,1.85,1.2,-0.46,0.47,1.35,-0.62
3,Beverton-Holt,alpha,1.85,Beverton-Holt,6.1,2.31,9.8,1.002,229.7297297297297,1.85,1.2,-0.46,6.1,0.97,-0.65
3,Beverton-Holt,b_for,-0.46,Beverton-Holt,-0.65,-0.94,-0.35,1,41.30434782608695,1.85,1.2,-0.46,6.1,0.97,-0.65
3,Beverton-Holt,sigma,1.2,Beverton-Holt,0.97,0.79,1.23,1.001,-19.166666666666668,1.85,1.2,-0.46,6.1,0.97,-0.65
4,Ricker,alpha,1.73,Ricker,1.68,1.36,2.01,1.001,-2.890173410404627,1.73,1,-0.18,1.68,0.88,-0.26
4,Ricker,b_for,-0.18,Ricker,-0.26,-0.53,-0.01,1,44.44444444444446,1.73,1,-0.18,1.68,0.88,-0.26
4,Ricker,sigma,1,Ricker,0.88,0.72,1.1,1.001,-12,1.73,1,-0.18,1.68,0.88,-0.26
4,Ricker,alpha,1.73,Beverton-Holt,5.57,1.18,9.79,1.001,221.96531791907518,1.73,1,-0.18,5.57,2.37,-0.27
4,Ricker,b_for,-0.18,Beverton-Holt,-0.27,-0.96,0.4,1,50.000000000000014,1.73,1,-0.18,5.57,2.37,-0.27
4,Ricker,sigma,1,Beverton-Holt,2.37,1.95,2.98,1.001,137,1.73,1,-0.18,5.57,2.37,-0.27
8,Beverton-Holt,alpha,6.77,Ricker,0.41,0.03,1.23,1,-93.94387001477105,6.77,1.8,-2.31,0.41,2.91,-1.04
8,Beverton-Holt,b_for,-2.31,Ricker,-1.04,-1.9,-0.16,1,-54.97835497835498,6.77,1.8,-2.31,0.41,2.91,-1.04
8,Beverton-Holt,sigma,1.8,Ricker,2.91,2.37,3.74,1.001,61.66666666666667,6.77,1.8,-2.31,0.41,2.91,-1.04
8,Beverton-Holt,alpha,6.77,Beverton-Holt,6.03,2.32,9.82,1.002,-10.930576070901024,6.77,1.8,-2.31,6.03,1.69,-2
8,Beverton-Holt,b_for,-2.31,Beverton-Holt,-2,-2.48,-1.47,1.001,-13.419913419913422,6.77,1.8,-2.31,6.03,1.69,-2
8,Beverton-Holt,sigma,1.8,Beverton-Holt,1.69,1.37,2.17,1.001,-6.111111111111117,6.77,1.8,-2.31,6.03,1.69,-2
11,Beverton-Holt,alpha,1.53,Ricker,0.36,0.02,1.03,1,-76.47058823529412,1.53,2,0.31,0.36,2.61,0.09
11,Beverton-Holt,b_for,0.31,Ricker,0.09,-0.63,0.82,1.001,-70.96774193548387,1.53,2,0.31,0.36,2.61,0.09
11,Beverton-Holt,sigma,2,Ricker,2.61,2.13,3.29,1.001,30.499999999999993,1.53,2,0.31,0.36,2.61,0.09
11,Beverton-Holt,alpha,1.53,Beverton-Holt,1.17,0.08,2.83,1.004,-23.529411764705888,1.53,2,0.31,1.17,2.3,0.12
11,Beverton-Holt,b_for,0.31,Beverton-Holt,0.12,-0.57,0.78,1.003,-61.29032258064516,1.53,2,0.31,1.17,2.3,0.12
11,Beverton-Holt,sigma,2,Beverton-Holt,2.3,1.82,3.01,1.005,14.999999999999991,1.53,2,0.31,1.17,2.3,0.12
14,Beverton-Holt,alpha,2.62,Ricker,0.28,0.03,0.66,1,-89.31297709923663,2.62,0.7,-1.45,0.28,1.29,-0.72
14,Beverton-Holt,b_for,-1.45,Ricker,-0.72,-1.14,-0.31,1.001,-50.3448275862069,2.62,0.7,-1.45,0.28,1.29,-0.72
14,Beverton-Holt,sigma,0.7,Ricker,1.29,1.05,1.63,1.001,84.2857142857143,2.62,0.7,-1.45,0.28,1.29,-0.72
14,Beverton-Holt,alpha,2.62,Beverton-Holt,5.91,2.5,9.82,1.004,125.57251908396947,2.62,0.7,-1.45,5.91,0.72,-1.43
14,Beverton-Holt,b_for,-1.45,Beverton-Holt,-1.43,-1.64,-1.21,1.001,-1.3793103448275874,2.62,0.7,-1.45,5.91,0.72,-1.43
14,Beverton-Holt,sigma,0.7,Beverton-Holt,0.72,0.59,0.9,1.002,2.85714285714286,2.62,0.7,-1.45,5.91,0.72,-1.43
15,Beverton-Holt,alpha,3.42,Ricker,0.69,0.25,1.1,1.002,-79.82456140350877,3.42,1,0.52,0.69,1.08,0.07
15,Beverton-Holt,b_for,0.52,Ricker,0.07,-0.25,0.4,1,-86.53846153846153,3.42,1,0.52,0.69,1.08,0.07
15,Beverton-Holt,sigma,1,Ricker,1.08,0.89,1.36,1,8.000000000000007,3.42,1,0.52,0.69,1.08,0.07
15,Beverton-Holt,alpha,3.42,Beverton-Holt,4.71,1.33,9.72,1.003,37.719298245614034,3.42,1,0.52,4.71,0.98,0.28
15,Beverton-Holt,b_for,0.52,Beverton-Holt,0.28,-0.03,0.58,1.001,-46.15384615384615,3.42,1,0.52,4.71,0.98,0.28
15,Beverton-Holt,sigma,1,Beverton-Holt,0.98,0.8,1.22,1.002,-2.0000000000000018,3.42,1,0.52,4.71,0.98,0.28
17,Beverton-Holt,alpha,0.24,Ricker,0.26,0.01,0.7,1.002,8.333333333333341,0.24,1.8,0.15,0.26,1.49,-0.17
17,Beverton-Holt,b_for,0.15,Ricker,-0.17,-0.59,0.27,1.001,-213.33333333333334,0.24,1.8,0.15,0.26,1.49,-0.17
17,Beverton-Holt,sigma,1.8,Ricker,1.49,1.22,1.86,1.002,-17.222222222222225,0.24,1.8,0.15,0.26,1.49,-0.17
17,Beverton-Holt,alpha,0.24,Beverton-Holt,0.38,0.03,1.04,1.003,58.33333333333334,0.24,1.8,0.15,0.38,1.47,-0.2
17,Beverton-Holt,b_for,0.15,Beverton-Holt,-0.2,-0.67,0.25,1.002,-233.33333333333334,0.24,1.8,0.15,0.38,1.47,-0.2
17,Beverton-Holt,sigma,1.8,Beverton-Holt,1.47,1.21,1.86,1.005,-18.333333333333336,0.24,1.8,0.15,0.38,1.47,-0.2
18,Beverton-Holt,alpha,1.85,Ricker,0.51,0.05,1.11,1,-72.43243243243244,1.85,1.6,0.08,0.51,1.89,-0.06
18,Beverton-Holt,b_for,0.08,Ricker,-0.06,-0.59,0.49,1.001,-175.00000000000003,1.85,1.6,0.08,0.51,1.89,-0.06
18,Beverton-Holt,sigma,1.6,Ricker,1.89,1.55,2.39,1.001,18.12499999999999,1.85,1.6,0.08,0.51,1.89,-0.06
18,Beverton-Holt,alpha,1.85,Beverton-Holt,5.78,1.94,9.8,1.003,212.43243243243242,1.85,1.6,0.08,5.78,1.53,0.25
18,Beverton-Holt,b_for,0.08,Beverton-Holt,0.25,-0.18,0.7,1.001,212.5,1.85,1.6,0.08,5.78,1.53,0.25
18,Beverton-Holt,sigma,1.6,Beverton-Holt,1.53,1.25,1.93,1,-4.3750000000000036,1.85,1.6,0.08,5.78,1.53,0.25
19,Beverton-Holt,alpha,2.35,Ricker,0.75,0.2,1.33,1.001,-68.08510638297872,2.35,1.6,-0.44,0.75,1.78,-0.49
19,Beverton-Holt,b_for,-0.44,Ricker,-0.49,-1.01,0.04,1.001,11.363636363636362,2.35,1.6,-0.44,0.75,1.78,-0.49
19,Beverton-Holt,sigma,1.6,Ricker,1.78,1.46,2.27,1,11.249999999999995,2.35,1.6,-0.44,0.75,1.78,-0.49
19,Beverton-Holt,alpha,2.35,Beverton-Holt,6.32,2.42,9.79,1,168.93617021276594,2.35,1.6,-0.44,6.32,1.5,-0.25
19,Beverton-Holt,b_for,-0.44,Beverton-Holt,-0.25,-0.69,0.18,1,-43.18181818181818,2.35,1.6,-0.44,6.32,1.5,-0.25
19,Beverton-Holt,sigma,1.6,Beverton-Holt,1.5,1.23,1.89,1,-6.250000000000005,2.35,1.6,-0.44,6.32,1.5,-0.25
20,Beverton-Holt,alpha,1.59,Ricker,0.38,0.13,0.63,1.003,-76.1006289308176,1.59,0.5,-0.65,0.38,0.66,-0.58
20,Beverton-Holt,b_for,-0.65,Ricker,-0.58,-0.82,-0.34,1.004,-10.769230769230779,1.59,0.5,-0.65,0.38,0.66,-0.58
20,Beverton-Holt,sigma,0.5,Ricker,0.66,0.54,0.85,1,32.00000000000001,1.59,0.5,-0.65,0.38,0.66,-0.58
20,Beverton-Holt,alpha,1.59,Beverton-Holt,2.34,1.24,9.05,1.005,47.1698113207547,1.59,0.5,-0.65,2.34,0.49,-0.68
20,Beverton-Holt,b_for,-0.65,Beverton-Holt,-0.68,-0.83,-0.53,1.001,4.615384615384619,1.59,0.5,-0.65,2.34,0.49,-0.68
20,Beverton-Holt,sigma,0.5,Beverton-Holt,0.49,0.4,0.62,1,-2.0000000000000018,1.59,0.5,-0.65,2.34,0.49,-0.68
23,Beverton-Holt,alpha,3.95,Ricker,0.6,0.11,1.17,1,-84.81012658227847,3.95,1.3,-1.02,0.6,1.7,-1
23,Beverton-Holt,b_for,-1.02,Ricker,-1,-1.62,-0.38,1.002,-1.960784313725492,3.95,1.3,-1.02,0.6,1.7,-1
23,Beverton-Holt,sigma,1.3,Ricker,1.7,1.38,2.16,1,30.769230769230763,3.95,1.3,-1.02,0.6,1.7,-1
23,Beverton-Holt,alpha,3.95,Beverton-Holt,6.4,2.66,9.85,1.001,62.025316455696206,3.95,1.3,-1.02,6.4,1.26,-0.92
23,Beverton-Holt,b_for,-1.02,Beverton-Holt,-0.92,-1.3,-0.54,1.001,-9.80392156862745,3.95,1.3,-1.02,6.4,1.26,-0.92
23,Beverton-Holt,sigma,1.3,Beverton-Holt,1.26,1.03,1.59,1,-3.0769230769230798,3.95,1.3,-1.02,6.4,1.26,-0.92
24,Beverton-Holt,alpha,2.06,Ricker,0.76,0.42,1.1,1,-63.10679611650485,2.06,0.7,-0.63,0.76,0.79,-0.79
24,Beverton-Holt,b_for,-0.63,Ricker,-0.79,-1.08,-0.49,1.002,25.396825396825403,2.06,0.7,-0.63,0.76,0.79,-0.79
24,Beverton-Holt,sigma,0.7,Ricker,0.79,0.64,1,1.001,12.857142857142868,2.06,0.7,-0.63,0.76,0.79,-0.79
24,Beverton-Holt,alpha,2.06,Beverton-Holt,5.97,2.33,9.81,1,189.8058252427184,2.06,0.7,-0.63,5.97,0.61,-0.65
24,Beverton-Holt,b_for,-0.63,Beverton-Holt,-0.65,-0.83,-0.47,1.001,3.1746031746031775,2.06,0.7,-0.63,5.97,0.61,-0.65
24,Beverton-Holt,sigma,0.7,Beverton-Holt,0.61,0.5,0.76,1.001,-12.857142857142852,2.06,0.7,-0.63,5.97,0.61,-0.65
26,Beverton-Holt,alpha,2.86,Ricker,0.64,0.25,1.06,1.001,-77.62237762237761,2.86,1.1,-0.98,0.64,1.09,-0.79
26,Beverton-Holt,b_for,-0.98,Ricker,-0.79,-1.18,-0.4,1.001,-19.38775510204081,2.86,1.1,-0.98,0.64,1.09,-0.79
26,Beverton-Holt,sigma,1.1,Ricker,1.09,0.89,1.38,1.001,-0.9090909090909098,2.86,1.1,-0.98,0.64,1.09,-0.79
26,Beverton-Holt,alpha,2.86,Beverton-Holt,3.64,1.18,9.59,1,27.272727272727284,2.86,1.1,-0.98,3.64,0.92,-0.74
26,Beverton-Holt,b_for,-0.98,Beverton-Holt,-0.74,-1.01,-0.47,1.002,-24.489795918367346,2.86,1.1,-0.98,3.64,0.92,-0.74
26,Beverton-Holt,sigma,1.1,Beverton-Holt,0.92,0.75,1.16,1.002,-16.363636363636367,2.86,1.1,-0.98,3.64,0.92,-0.74
27,Beverton-Holt,alpha,2.62,Ricker,0.35,0.15,0.53,1,-86.6412213740458,2.62,0,-1.09,0.35,0.56,-0.78
27,Beverton-Holt,b_for,-1.09,Ricker,-0.78,-1,-0.55,1.002,-28.44036697247707,2.62,0,-1.09,0.35,0.56,-0.78
27,Beverton-Holt,sigma,0,Ricker,0.56,0.45,0.7,1.002,Inf,2.62,0,-1.09,0.35,0.56,-0.78
27,Beverton-Holt,alpha,2.62,Beverton-Holt,2.62,2.6,2.64,1.004,0,2.62,0,-1.09,2.62,0,-1.09
27,Beverton-Holt,b_for,-1.09,Beverton-Holt,-1.09,-1.09,-1.09,1,-0,2.62,0,-1.09,2.62,0,-1.09
27,Beverton-Holt,sigma,0,Beverton-Holt,0,0,0.01,1.001,NA,2.62,0,-1.09,2.62,0,-1.09
28,Beverton-Holt,alpha,3.85,Ricker,1.04,0.45,1.64,1,-72.98701298701299,3.85,2,-0.24,1.04,1.6,-0.74
28,Beverton-Holt,b_for,-0.24,Ricker,-0.74,-1.24,-0.23,1,208.33333333333334,3.85,2,-0.24,1.04,1.6,-0.74
28,Beverton-Holt,sigma,2,Ricker,1.6,1.31,2.02,1,-19.999999999999996,3.85,2,-0.24,1.04,1.6,-0.74
28,Beverton-Holt,alpha,3.85,Beverton-Holt,5.27,1.76,9.74,1,36.88311688311687,3.85,2,-0.24,5.27,1.44,-0.45
28,Beverton-Holt,b_for,-0.24,Beverton-Holt,-0.45,-0.87,-0.03,1,87.50000000000001,3.85,2,-0.24,5.27,1.44,-0.45
28,Beverton-Holt,sigma,2,Beverton-Holt,1.44,1.18,1.84,1,-28.000000000000004,3.85,2,-0.24,5.27,1.44,-0.45
29,Beverton-Holt,alpha,1.19,Ricker,0.17,0.01,0.4,1.002,-85.71428571428572,1.19,0.1,-1.61,0.17,0.74,-0.81
29,Beverton-Holt,b_for,-1.61,Ricker,-0.81,-1.08,-0.54,1.003,-49.689440993788814,1.19,0.1,-1.61,0.17,0.74,-0.81
29,Beverton-Holt,sigma,0.1,Ricker,0.74,0.6,0.93,1,640,1.19,0.1,-1.61,0.17,0.74,-0.81
29,Beverton-Holt,alpha,1.19,Beverton-Holt,1.23,1.14,1.31,1,3.361344537815129,1.19,0.1,-1.61,1.23,0.13,-1.64
29,Beverton-Holt,b_for,-1.61,Beverton-Holt,-1.64,-1.7,-1.59,1.002,1.8633540372670685,1.19,0.1,-1.61,1.23,0.13,-1.64
29,Beverton-Holt,sigma,0.1,Beverton-Holt,0.13,0.11,0.17,1,30,1.19,0.1,-1.61,1.23,0.13,-1.64
31,Beverton-Holt,alpha,0.86,Ricker,0.51,0.12,0.96,1,-40.69767441860465,0.86,1,0.11,0.51,0.99,-0.08
31,Beverton-Holt,b_for,0.11,Ricker,-0.08,-0.37,0.23,1,-172.72727272727272,0.86,1,0.11,0.51,0.99,-0.08
31,Beverton-Holt,sigma,1,Ricker,0.99,0.82,1.25,1.002,-1.0000000000000009,0.86,1,0.11,0.51,0.99,-0.08
31,Beverton-Holt,alpha,0.86,Beverton-Holt,0.83,0.19,2,1.002,-3.488372093023259,0.86,1,0.11,0.83,0.98,-0.06
31,Beverton-Holt,b_for,0.11,Beverton-Holt,-0.06,-0.35,0.25,1.001,-154.54545454545453,0.86,1,0.11,0.83,0.98,-0.06
31,Beverton-Holt,sigma,1,Beverton-Holt,0.98,0.8,1.24,1.001,-2.0000000000000018,0.86,1,0.11,0.83,0.98,-0.06
33,Beverton-Holt,alpha,2.13,Ricker,0.36,0.02,1.04,1.002,-83.09859154929578,2.13,1.7,-1.41,0.36,2.39,-0.54
33,Beverton-Holt,b_for,-1.41,Ricker,-0.54,-1.25,0.14,1,-61.70212765957446,2.13,1.7,-1.41,0.36,2.39,-0.54
33,Beverton-Holt,sigma,1.7,Ricker,2.39,1.95,2.99,1.001,40.58823529411766,2.13,1.7,-1.41,0.36,2.39,-0.54
33,Beverton-Holt,alpha,2.13,Beverton-Holt,1.74,0.46,3.36,1.012,-18.309859154929576,2.13,1.7,-1.41,1.74,1.86,-1.25
33,Beverton-Holt,b_for,-1.41,Beverton-Holt,-1.25,-1.87,-0.46,1.012,-11.347517730496449,2.13,1.7,-1.41,1.74,1.86,-1.25
33,Beverton-Holt,sigma,1.7,Beverton-Holt,1.86,1.48,2.44,1.009,9.411764705882362,2.13,1.7,-1.41,1.74,1.86,-1.25
34,Beverton-Holt,alpha,4.94,Ricker,0.38,0.02,0.9,1.002,-92.3076923076923,4.94,1.3,-1.11,0.38,1.6,-0.68
34,Beverton-Holt,b_for,-1.11,Ricker,-0.68,-1.23,-0.12,1.011,-38.73873873873874,4.94,1.3,-1.11,0.38,1.6,-0.68
34,Beverton-Holt,sigma,1.3,Ricker,1.6,1.31,2.02,1.003,23.07692307692308,4.94,1.3,-1.11,0.38,1.6,-0.68
34,Beverton-Holt,alpha,4.94,Beverton-Holt,6.42,2.86,9.81,1.002,29.95951417004047,4.94,1.3,-1.11,6.42,1.09,-1.18
34,Beverton-Holt,b_for,-1.11,Beverton-Holt,-1.18,-1.5,-0.85,1,6.306306306306292,4.94,1.3,-1.11,6.42,1.09,-1.18
34,Beverton-Holt,sigma,1.3,Beverton-Holt,1.09,0.89,1.38,1,-16.15384615384615,4.94,1.3,-1.11,6.42,1.09,-1.18
35,Beverton-Holt,alpha,0.96,Ricker,0.26,0.03,0.54,1.001,-72.91666666666667,0.96,0.5,-1.19,0.26,0.83,-0.72
35,Beverton-Holt,b_for,-1.19,Ricker,-0.72,-1.02,-0.39,1.002,-39.49579831932773,0.96,0.5,-1.19,0.26,0.83,-0.72
35,Beverton-Holt,sigma,0.5,Ricker,0.83,0.68,1.05,1.001,65.99999999999999,0.96,0.5,-1.19,0.26,0.83,-0.72
35,Beverton-Holt,alpha,0.96,Beverton-Holt,1.02,0.6,1.52,1.007,6.250000000000006,0.96,0.5,-1.19,1.02,0.61,-1.22
35,Beverton-Holt,b_for,-1.19,Beverton-Holt,-1.22,-1.49,-0.93,1.007,2.5210084033613467,0.96,0.5,-1.19,1.02,0.61,-1.22
35,Beverton-Holt,sigma,0.5,Beverton-Holt,0.61,0.5,0.77,1.001,21.999999999999996,0.96,0.5,-1.19,1.02,0.61,-1.22
36,Beverton-Holt,alpha,2.92,Ricker,0.24,0.03,0.49,1.004,-91.78082191780823,2.92,0.3,-1.13,0.24,0.73,-0.69
36,Beverton-Holt,b_for,-1.13,Ricker,-0.69,-0.96,-0.42,1.002,-38.93805309734513,2.92,0.3,-1.13,0.24,0.73,-0.69
36,Beverton-Holt,sigma,0.3,Ricker,0.73,0.6,0.92,1.002,143.33333333333334,2.92,0.3,-1.13,0.24,0.73,-0.69
36,Beverton-Holt,alpha,2.92,Beverton-Holt,2.88,1.91,9,1.005,-1.3698630136986314,2.92,0.3,-1.13,2.88,0.32,-1.1
36,Beverton-Holt,b_for,-1.13,Beverton-Holt,-1.1,-1.2,-1,1.001,-2.654867256637151,2.92,0.3,-1.13,2.88,0.32,-1.1
36,Beverton-Holt,sigma,0.3,Beverton-Holt,0.32,0.26,0.4,1.001,6.666666666666673,2.92,0.3,-1.13,2.88,0.32,-1.1
38,Ricker,alpha,2.66,Ricker,2.49,2.29,2.7,1.001,-6.390977443609019,2.66,0.5,0.8,2.49,0.49,0.79
38,Ricker,b_for,0.8,Ricker,0.79,0.62,0.95,1,-1.250000000000001,2.66,0.5,0.8,2.49,0.49,0.79
38,Ricker,sigma,0.5,Ricker,0.49,0.4,0.63,1,-2.0000000000000018,2.66,0.5,0.8,2.49,0.49,0.79
38,Ricker,alpha,2.66,Beverton-Holt,3.54,1.71,7.96,1.001,33.08270676691728,2.66,0.5,0.8,3.54,1.83,0.37
38,Ricker,b_for,0.8,Beverton-Holt,0.37,-0.18,0.91,1,-53.75000000000001,2.66,0.5,0.8,3.54,1.83,0.37
38,Ricker,sigma,0.5,Beverton-Holt,1.83,1.5,2.3,1.001,266,2.66,0.5,0.8,3.54,1.83,0.37
39,Ricker,alpha,2.72,Ricker,2.69,2.58,2.8,1.001,-1.1029411764705972,2.72,0.2,-0.16,2.69,0.22,-0.17
39,Ricker,b_for,-0.16,Ricker,-0.17,-0.24,-0.11,1,6.250000000000005,2.72,0.2,-0.16,2.69,0.22,-0.17
39,Ricker,sigma,0.2,Ricker,0.22,0.18,0.27,1.001,9.999999999999995,2.72,0.2,-0.16,2.69,0.22,-0.17
39,Ricker,alpha,2.72,Beverton-Holt,6.06,2.96,9.79,1.002,122.7941176470588,2.72,0.2,-0.16,6.06,1.19,0.18
39,Ricker,b_for,-0.16,Beverton-Holt,0.18,-0.18,0.53,1,-212.5,2.72,0.2,-0.16,6.06,1.19,0.18
39,Ricker,sigma,0.2,Beverton-Holt,1.19,0.98,1.48,1,495,2.72,0.2,-0.16,6.06,1.19,0.18
40,Beverton-Holt,alpha,5.46,Ricker,0.52,0.07,1.11,1,-90.47619047619047,5.46,1.4,-0.37,0.52,1.86,-0.77
40,Beverton-Holt,b_for,-0.37,Ricker,-0.77,-1.37,-0.21,1,108.10810810810811,5.46,1.4,-0.37,0.52,1.86,-0.77
40,Beverton-Holt,sigma,1.4,Ricker,1.86,1.52,2.35,1.002,32.857142857142875,5.46,1.4,-0.37,0.52,1.86,-0.77
40,Beverton-Holt,alpha,5.46,Beverton-Holt,6.4,2.43,9.83,1,17.216117216117222,5.46,1.4,-0.37,6.4,1.44,-0.49
40,Beverton-Holt,b_for,-0.37,Beverton-Holt,-0.49,-0.9,-0.07,1,32.432432432432435,5.46,1.4,-0.37,6.4,1.44,-0.49
40,Beverton-Holt,sigma,1.4,Beverton-Holt,1.44,1.17,1.81,1,2.85714285714286,5.46,1.4,-0.37,6.4,1.44,-0.49
41,Beverton-Holt,alpha,4.04,Ricker,0.62,0.27,0.98,1.003,-84.65346534653466,4.04,0.8,0.76,0.62,0.78,0.19
41,Beverton-Holt,b_for,0.76,Ricker,0.19,-0.07,0.45,1.003,-75.00000000000001,4.04,0.8,0.76,0.62,0.78,0.19
41,Beverton-Holt,sigma,0.8,Ricker,0.78,0.64,0.98,1.003,-2.500000000000002,4.04,0.8,0.76,0.62,0.78,0.19
41,Beverton-Holt,alpha,4.04,Beverton-Holt,4.67,1.18,9.67,1.009,15.594059405940591,4.04,0.8,0.76,4.67,0.69,0.61
41,Beverton-Holt,b_for,0.76,Beverton-Holt,0.61,0.26,0.85,1.009,-19.73684210526316,4.04,0.8,0.76,4.67,0.69,0.61
41,Beverton-Holt,sigma,0.8,Beverton-Holt,0.69,0.57,0.88,1.001,-13.750000000000012,4.04,0.8,0.76,4.67,0.69,0.61
42,Ricker,alpha,1.2,Ricker,1.19,0.67,1.71,1,-0.8333333333333341,1.2,1.2,0.58,1.19,1.47,0.56
42,Ricker,b_for,0.58,Ricker,0.56,0.1,1.02,1,-3.4482758620689498,1.2,1.2,0.58,1.19,1.47,0.56
42,Ricker,sigma,1.2,Ricker,1.47,1.19,1.88,1,22.5,1.2,1.2,0.58,1.19,1.47,0.56
42,Ricker,alpha,1.2,Beverton-Holt,2.5,1.03,8.97,1.004,108.33333333333334,1.2,1.2,0.58,2.5,1.65,0.75
42,Ricker,b_for,0.58,Beverton-Holt,0.75,0.16,1.35,1.002,29.310344827586214,1.2,1.2,0.58,2.5,1.65,0.75
42,Ricker,sigma,1.2,Beverton-Holt,1.65,1.34,2.09,1.002,37.49999999999999,1.2,1.2,0.58,2.5,1.65,0.75
43,Ricker,alpha,0.37,Ricker,0.59,0.15,1.04,1.001,59.45945945945945,0.37,1.3,-0.54,0.59,1.35,-0.62
43,Ricker,b_for,-0.54,Ricker,-0.62,-1.04,-0.17,1.001,14.814814814814808,0.37,1.3,-0.54,0.59,1.35,-0.62
43,Ricker,sigma,1.3,Ricker,1.35,1.1,1.72,1,3.8461538461538494,0.37,1.3,-0.54,0.59,1.35,-0.62
43,Ricker,alpha,0.37,Beverton-Holt,1.47,0.42,5.73,1.001,297.29729729729735,0.37,1.3,-0.54,1.47,1.43,-0.57
43,Ricker,b_for,-0.54,Beverton-Holt,-0.57,-1,-0.12,1.001,5.555555555555539,0.37,1.3,-0.54,1.47,1.43,-0.57
43,Ricker,sigma,1.3,Beverton-Holt,1.43,1.16,1.83,1.002,9.999999999999991,0.37,1.3,-0.54,1.47,1.43,-0.57
44,Beverton-Holt,alpha,2.53,Ricker,0.6,0.27,0.93,1.001,-76.28458498023714,2.53,0.9,0.11,0.6,0.72,-0.02
44,Beverton-Holt,b_for,0.11,Ricker,-0.02,-0.24,0.21,1.001,-118.18181818181819,2.53,0.9,0.11,0.6,0.72,-0.02
44,Beverton-Holt,sigma,0.9,Ricker,0.72,0.59,0.91,1.001,-20.000000000000004,2.53,0.9,0.11,0.6,0.72,-0.02
44,Beverton-Holt,alpha,2.53,Beverton-Holt,1.75,0.67,8.86,1.001,-30.830039525691696,2.53,0.9,0.11,1.75,0.69,0.15
44,Beverton-Holt,b_for,0.11,Beverton-Holt,0.15,-0.11,0.42,1.001,36.36363636363636,2.53,0.9,0.11,1.75,0.69,0.15
44,Beverton-Holt,sigma,0.9,Beverton-Holt,0.69,0.56,0.87,1,-23.33333333333334,2.53,0.9,0.11,1.75,0.69,0.15
47,Beverton-Holt,alpha,1.58,Ricker,0.6,0.41,0.8,1.003,-62.025316455696206,1.58,0.2,0.52,0.6,0.21,0.25
47,Beverton-Holt,b_for,0.52,Ricker,0.25,0.14,0.36,1.003,-51.92307692307692,1.58,0.2,0.52,0.6,0.21,0.25
47,Beverton-Holt,sigma,0.2,Ricker,0.21,0.17,0.27,1,4.99999999999999,1.58,0.2,0.52,0.6,0.21,0.25
47,Beverton-Holt,alpha,1.58,Beverton-Holt,1.05,0.62,1.55,1.004,-33.54430379746835,1.58,0.2,0.52,1.05,0.2,0.39
47,Beverton-Holt,b_for,0.52,Beverton-Holt,0.39,0.23,0.55,1.005,-25,1.58,0.2,0.52,1.05,0.2,0.39
47,Beverton-Holt,sigma,0.2,Beverton-Holt,0.2,0.16,0.25,1.001,0,1.58,0.2,0.52,1.05,0.2,0.39
48,Beverton-Holt,alpha,4.12,Ricker,0.57,0.17,0.99,1.001,-86.16504854368932,4.12,0.9,-0.95,0.57,1.28,-0.51
48,Beverton-Holt,b_for,-0.95,Ricker,-0.51,-0.91,-0.13,1.001,-46.315789473684205,4.12,0.9,-0.95,0.57,1.28,-0.51
48,Beverton-Holt,sigma,0.9,Ricker,1.28,1.05,1.62,1.001,42.22222222222222,4.12,0.9,-0.95,0.57,1.28,-0.51
48,Beverton-Holt,alpha,4.12,Beverton-Holt,5.82,1.87,9.78,1.003,41.2621359223301,4.12,0.9,-0.95,5.82,1,-0.7
48,Beverton-Holt,b_for,-0.95,Beverton-Holt,-0.7,-1,-0.39,1.002,-26.315789473684212,4.12,0.9,-0.95,5.82,1,-0.7
48,Beverton-Holt,sigma,0.9,Beverton-Holt,1,0.82,1.27,1.001,11.111111111111109,4.12,0.9,-0.95,5.82,1,-0.7
49,Beverton-Holt,alpha,5.56,Ricker,0.43,0.22,0.63,1,-92.26618705035972,5.56,0.2,-0.93,0.43,0.57,-0.82
49,Beverton-Holt,b_for,-0.93,Ricker,-0.82,-1.05,-0.58,1,-11.827956989247323,5.56,0.2,-0.93,0.43,0.57,-0.82
49,Beverton-Holt,sigma,0.2,Ricker,0.57,0.46,0.71,1.002,184.99999999999994,5.56,0.2,-0.93,0.43,0.57,-0.82
49,Beverton-Holt,alpha,5.56,Beverton-Holt,6.92,3.94,9.85,1.004,24.460431654676267,5.56,0.2,-0.93,6.92,0.12,-0.95
49,Beverton-Holt,b_for,-0.93,Beverton-Holt,-0.95,-0.98,-0.91,1,2.150537634408592,5.56,0.2,-0.93,6.92,0.12,-0.95
49,Beverton-Holt,sigma,0.2,Beverton-Holt,0.12,0.1,0.15,1.002,-40.00000000000001,5.56,0.2,-0.93,6.92,0.12,-0.95
50,Beverton-Holt,alpha,3.05,Ricker,0.61,0.23,0.99,1.003,-80,3.05,1,-0.16,0.61,1.05,-0.16
50,Beverton-Holt,b_for,-0.16,Ricker,-0.16,-0.46,0.16,1.001,-0,3.05,1,-0.16,0.61,1.05,-0.16
50,Beverton-Holt,sigma,1,Ricker,1.05,0.86,1.32,1.002,5.000000000000004,3.05,1,-0.16,0.61,1.05,-0.16
50,Beverton-Holt,alpha,3.05,Beverton-Holt,2.26,0.79,9.37,1.005,-25.901639344262296,3.05,1,-0.16,2.26,0.98,-0.19
50,Beverton-Holt,b_for,-0.16,Beverton-Holt,-0.19,-0.49,0.11,1.001,18.75,3.05,1,-0.16,2.26,0.98,-0.19
50,Beverton-Holt,sigma,1,Beverton-Holt,0.98,0.81,1.26,1.001,-2.0000000000000018,3.05,1,-0.16,2.26,0.98,-0.19
51,Ricker,alpha,0.76,Ricker,0.84,0.57,1.09,1.002,10.52631578947368,0.76,0.7,-0.51,0.84,0.59,-0.41
51,Ricker,b_for,-0.51,Ricker,-0.41,-0.59,-0.23,1.001,-19.607843137254907,0.76,0.7,-0.51,0.84,0.59,-0.41
51,Ricker,sigma,0.7,Ricker,0.59,0.48,0.74,1.001,-15.714285714285714,0.76,0.7,-0.51,0.84,0.59,-0.41
51,Ricker,alpha,0.76,Beverton-Holt,2.21,0.95,9.18,1.002,190.78947368421052,0.76,0.7,-0.51,2.21,0.72,-0.24
51,Ricker,b_for,-0.51,Beverton-Holt,-0.24,-0.46,-0.01,1,-52.94117647058823,0.76,0.7,-0.51,2.21,0.72,-0.24
51,Ricker,sigma,0.7,Beverton-Holt,0.72,0.58,0.91,1,2.85714285714286,0.76,0.7,-0.51,2.21,0.72,-0.24
52,Beverton-Holt,alpha,4.06,Ricker,0.74,0.36,1.11,1.001,-81.77339901477832,4.06,0.9,-1.01,0.74,0.95,-1.01
52,Beverton-Holt,b_for,-1.01,Ricker,-1.01,-1.39,-0.64,1.001,-0,4.06,0.9,-1.01,0.74,0.95,-1.01
52,Beverton-Holt,sigma,0.9,Ricker,0.95,0.77,1.21,1.001,5.555555555555547,4.06,0.9,-1.01,0.74,0.95,-1.01
52,Beverton-Holt,alpha,4.06,Beverton-Holt,4.35,1.47,9.65,1.006,7.142857142857144,4.06,0.9,-1.01,4.35,0.8,-0.81
52,Beverton-Holt,b_for,-1.01,Beverton-Holt,-0.81,-1.05,-0.57,1,-19.8019801980198,4.06,0.9,-1.01,4.35,0.8,-0.81
52,Beverton-Holt,sigma,0.9,Beverton-Holt,0.8,0.65,1.01,1.002,-11.111111111111109,4.06,0.9,-1.01,4.35,0.8,-0.81
53,Ricker,alpha,0.11,Ricker,0.14,0.03,0.28,1.011,27.272727272727284,0.11,0.2,-0.08,0.14,0.19,-0.1
53,Ricker,b_for,-0.08,Ricker,-0.1,-0.16,-0.04,1.002,25.000000000000004,0.11,0.2,-0.08,0.14,0.19,-0.1
53,Ricker,sigma,0.2,Ricker,0.19,0.15,0.24,1.003,-5.000000000000004,0.11,0.2,-0.08,0.14,0.19,-0.1
53,Ricker,alpha,0.11,Beverton-Holt,0.15,0.03,0.33,1.004,36.36363636363636,0.11,0.2,-0.08,0.15,0.19,-0.1
53,Ricker,b_for,-0.08,Beverton-Holt,-0.1,-0.16,-0.04,1.004,25.000000000000004,0.11,0.2,-0.08,0.15,0.19,-0.1
53,Ricker,sigma,0.2,Beverton-Holt,0.19,0.15,0.23,1.007,-5.000000000000004,0.11,0.2,-0.08,0.15,0.19,-0.1
54,Beverton-Holt,alpha,4.03,Ricker,0.79,0.21,1.38,1.008,-80.3970223325062,4.03,1.2,0.41,0.79,1.5,0.23
54,Beverton-Holt,b_for,0.41,Ricker,0.23,-0.26,0.7,1.001,-43.90243902439024,4.03,1.2,0.41,0.79,1.5,0.23
54,Beverton-Holt,sigma,1.2,Ricker,1.5,1.21,1.88,1.003,25.000000000000004,4.03,1.2,0.41,0.79,1.5,0.23
54,Beverton-Holt,alpha,4.03,Beverton-Holt,5.45,1.94,9.76,1.001,35.235732009925556,4.03,1.2,0.41,5.45,1.24,0.5
54,Beverton-Holt,b_for,0.41,Beverton-Holt,0.5,0.13,0.86,1.001,21.951219512195127,4.03,1.2,0.41,5.45,1.24,0.5
54,Beverton-Holt,sigma,1.2,Beverton-Holt,1.24,1.01,1.56,1.001,3.3333333333333366,4.03,1.2,0.41,5.45,1.24,0.5
56,Beverton-Holt,alpha,2.23,Ricker,0.65,0.42,0.88,1.008,-70.85201793721973,2.23,0.2,0.82,0.65,0.27,0.31
56,Beverton-Holt,b_for,0.82,Ricker,0.31,0.17,0.45,1.008,-62.19512195121951,2.23,0.2,0.82,0.65,0.27,0.31
56,Beverton-Holt,sigma,0.2,Ricker,0.27,0.22,0.34,1.001,35,2.23,0.2,0.82,0.65,0.27,0.31
56,Beverton-Holt,alpha,2.23,Beverton-Holt,2.62,2,3.41,1.001,17.48878923766817,2.23,0.2,0.82,2.62,0.19,0.86
56,Beverton-Holt,b_for,0.82,Beverton-Holt,0.86,0.72,0.99,1,4.878048780487809,2.23,0.2,0.82,2.62,0.19,0.86
56,Beverton-Holt,sigma,0.2,Beverton-Holt,0.19,0.15,0.24,1.002,-5.000000000000004,2.23,0.2,0.82,2.62,0.19,0.86
57,Ricker,alpha,1.4,Ricker,1.45,0.92,1.95,1,3.5714285714285747,1.4,1.2,0.93,1.45,1.41,0.71
57,Ricker,b_for,0.93,Ricker,0.71,0.26,1.14,1,-23.65591397849463,1.4,1.2,0.93,1.45,1.41,0.71
57,Ricker,sigma,1.2,Ricker,1.41,1.15,1.78,1,17.499999999999996,1.4,1.2,0.93,1.45,1.41,0.71
57,Ricker,alpha,1.4,Beverton-Holt,2.68,1.24,8.69,1.004,91.42857142857146,1.4,1.2,0.93,2.68,1.77,0.7
57,Ricker,b_for,0.93,Beverton-Holt,0.7,0.13,1.27,1.002,-24.731182795698935,1.4,1.2,0.93,2.68,1.77,0.7
57,Ricker,sigma,1.2,Beverton-Holt,1.77,1.45,2.22,1.002,47.50000000000001,1.4,1.2,0.93,2.68,1.77,0.7
59,Ricker,alpha,1.7,Ricker,1.72,1.62,1.81,1.002,1.1764705882352953,1.7,0.2,-0.86,1.72,0.23,-0.85
59,Ricker,b_for,-0.86,Ricker,-0.85,-0.92,-0.77,1.001,-1.1627906976744196,1.7,0.2,-0.86,1.72,0.23,-0.85
59,Ricker,sigma,0.2,Ricker,0.23,0.18,0.29,1.001,15,1.7,0.2,-0.86,1.72,0.23,-0.85
59,Ricker,alpha,1.7,Beverton-Holt,6.51,2.95,9.8,1.001,282.94117647058823,1.7,0.2,-0.86,6.51,1.01,-0.05
59,Ricker,b_for,-0.86,Beverton-Holt,-0.05,-0.35,0.25,1,-94.18604651162791,1.7,0.2,-0.86,6.51,1.01,-0.05
59,Ricker,sigma,0.2,Beverton-Holt,1.01,0.82,1.27,1,405,1.7,0.2,-0.86,6.51,1.01,-0.05
62,Ricker,alpha,2.46,Ricker,2.35,2.1,2.59,1.001,-4.471544715447149,2.46,0.6,0.54,2.35,0.61,0.52
62,Ricker,b_for,0.54,Ricker,0.52,0.33,0.71,1,-3.703703703703707,2.46,0.6,0.54,2.35,0.61,0.52
62,Ricker,sigma,0.6,Ricker,0.61,0.5,0.76,1,1.6666666666666683,2.46,0.6,0.54,2.35,0.61,0.52
62,Ricker,alpha,2.46,Beverton-Holt,3.26,1.66,8.14,1.005,32.52032520325203,2.46,0.6,0.54,3.26,1.93,0.37
62,Ricker,b_for,0.54,Beverton-Holt,0.37,-0.2,0.89,1,-31.481481481481485,2.46,0.6,0.54,3.26,1.93,0.37
62,Ricker,sigma,0.6,Beverton-Holt,1.93,1.58,2.42,1.001,221.66666666666669,2.46,0.6,0.54,3.26,1.93,0.37
63,Beverton-Holt,alpha,1.33,Ricker,0.9,0.59,1.21,1.001,-32.330827067669176,1.33,0.6,0.9,0.9,0.58,0.66
63,Beverton-Holt,b_for,0.9,Ricker,0.66,0.43,0.87,1.002,-26.666666666666664,1.33,0.6,0.9,0.9,0.58,0.66
63,Beverton-Holt,sigma,0.6,Ricker,0.58,0.47,0.73,1.001,-3.3333333333333366,1.33,0.6,0.9,0.9,0.58,0.66
63,Beverton-Holt,alpha,1.33,Beverton-Holt,1.49,1,2.03,1.002,12.030075187969919,1.33,0.6,0.9,1.49,0.54,0.88
63,Beverton-Holt,b_for,0.9,Beverton-Holt,0.88,0.63,1.14,1.003,-2.222222222222224,1.33,0.6,0.9,1.49,0.54,0.88
63,Beverton-Holt,sigma,0.6,Beverton-Holt,0.54,0.44,0.68,1.001,-9.999999999999991,1.33,0.6,0.9,1.49,0.54,0.88
64,Ricker,alpha,1.17,Ricker,0.95,0.61,1.3,0.999,-18.8034188034188,1.17,1,-0.19,0.95,0.99,-0.16
64,Ricker,b_for,-0.19,Ricker,-0.16,-0.47,0.15,1,-15.789473684210526,1.17,1,-0.19,0.95,0.99,-0.16
64,Ricker,sigma,1,Ricker,0.99,0.81,1.24,1.001,-1.0000000000000009,1.17,1,-0.19,0.95,0.99,-0.16
64,Ricker,alpha,1.17,Beverton-Holt,1.2,0.49,2.1,1,2.5641025641025665,1.17,1,-0.19,1.2,1.45,0.3
64,Ricker,b_for,-0.19,Beverton-Holt,0.3,-0.13,0.73,1.001,-257.89473684210526,1.17,1,-0.19,1.2,1.45,0.3
64,Ricker,sigma,1,Beverton-Holt,1.45,1.18,1.85,1.001,44.99999999999999,1.17,1,-0.19,1.2,1.45,0.3
66,Beverton-Holt,alpha,1.41,Ricker,0.92,0.56,1.26,1,-34.75177304964538,1.41,0.9,-0.5,0.92,0.86,-0.5
66,Beverton-Holt,b_for,-0.5,Ricker,-0.5,-0.76,-0.22,1,-0,1.41,0.9,-0.5,0.92,0.86,-0.5
66,Beverton-Holt,sigma,0.9,Ricker,0.86,0.71,1.11,1.001,-4.444444444444448,1.41,0.9,-0.5,0.92,0.86,-0.5
66,Beverton-Holt,alpha,1.41,Beverton-Holt,5.6,1.74,9.72,1.003,297.16312056737587,1.41,0.9,-0.5,5.6,0.84,-0.32
66,Beverton-Holt,b_for,-0.5,Beverton-Holt,-0.32,-0.57,-0.06,1,-36,1.41,0.9,-0.5,5.6,0.84,-0.32
66,Beverton-Holt,sigma,0.9,Beverton-Holt,0.84,0.69,1.05,1.002,-6.666666666666672,1.41,0.9,-0.5,5.6,0.84,-0.32
68,Beverton-Holt,alpha,0.94,Ricker,0.73,0.48,0.97,1.001,-22.340425531914892,0.94,0.5,-0.4,0.73,0.44,-0.49
68,Beverton-Holt,b_for,-0.4,Ricker,-0.49,-0.66,-0.34,1,22.49999999999999,0.94,0.5,-0.4,0.73,0.44,-0.49
68,Beverton-Holt,sigma,0.5,Ricker,0.44,0.36,0.55,0.999,-12,0.94,0.5,-0.4,0.73,0.44,-0.49
68,Beverton-Holt,alpha,0.94,Beverton-Holt,1.48,0.85,4.03,1.002,57.4468085106383,0.94,0.5,-0.4,1.48,0.43,-0.42
68,Beverton-Holt,b_for,-0.4,Beverton-Holt,-0.42,-0.56,-0.29,1.001,4.99999999999999,0.94,0.5,-0.4,1.48,0.43,-0.42
68,Beverton-Holt,sigma,0.5,Beverton-Holt,0.43,0.35,0.55,1.001,-14.000000000000002,0.94,0.5,-0.4,1.48,0.43,-0.42
71,Beverton-Holt,alpha,3.28,Ricker,0.45,0.17,0.72,1.001,-86.28048780487804,3.28,0.6,-0.73,0.45,0.72,-0.65
71,Beverton-Holt,b_for,-0.73,Ricker,-0.65,-0.92,-0.38,1.001,-10.958904109589037,3.28,0.6,-0.73,0.45,0.72,-0.65
71,Beverton-Holt,sigma,0.6,Ricker,0.72,0.59,0.9,1,20,3.28,0.6,-0.73,0.45,0.72,-0.65
71,Beverton-Holt,alpha,3.28,Beverton-Holt,4.02,1.79,9.61,1.002,22.560975609756092,3.28,0.6,-0.73,4.02,0.5,-0.67
71,Beverton-Holt,b_for,-0.73,Beverton-Holt,-0.67,-0.82,-0.52,1.001,-8.219178082191775,3.28,0.6,-0.73,4.02,0.5,-0.67
71,Beverton-Holt,sigma,0.6,Beverton-Holt,0.5,0.41,0.63,1.001,-16.666666666666664,3.28,0.6,-0.73,4.02,0.5,-0.67
81,Beverton-Holt,alpha,3.45,Ricker,0.52,0.05,1.23,1,-84.92753623188405,3.45,1.6,0.58,0.52,2.23,0.1
81,Beverton-Holt,b_for,0.58,Ricker,0.1,-0.55,0.75,1,-82.75862068965517,3.45,1.6,0.58,0.52,2.23,0.1
81,Beverton-Holt,sigma,1.6,Ricker,2.23,1.83,2.83,1,39.374999999999986,3.45,1.6,0.58,0.52,2.23,0.1
81,Beverton-Holt,alpha,3.45,Beverton-Holt,6.1,2.57,9.82,1.001,76.81159420289853,3.45,1.6,0.58,6.1,1.7,0.5
81,Beverton-Holt,b_for,0.58,Beverton-Holt,0.5,-0.02,0.97,1,-13.793103448275858,3.45,1.6,0.58,6.1,1.7,0.5
81,Beverton-Holt,sigma,1.6,Beverton-Holt,1.7,1.39,2.13,1,6.249999999999991,3.45,1.6,0.58,6.1,1.7,0.5
83,Beverton-Holt,alpha,2.04,Ricker,0.97,0.69,1.27,1.003,-52.450980392156865,2.04,0.4,-0.29,0.97,0.35,-0.36
83,Beverton-Holt,b_for,-0.29,Ricker,-0.36,-0.48,-0.24,1.002,24.137931034482765,2.04,0.4,-0.29,0.97,0.35,-0.36
83,Beverton-Holt,sigma,0.4,Ricker,0.35,0.28,0.44,1,-12.50000000000001,2.04,0.4,-0.29,0.97,0.35,-0.36
83,Beverton-Holt,alpha,2.04,Beverton-Holt,2.43,1.33,8.93,1.003,19.117647058823536,2.04,0.4,-0.29,2.43,0.33,-0.29
83,Beverton-Holt,b_for,-0.29,Beverton-Holt,-0.29,-0.38,-0.19,1.001,-0,2.04,0.4,-0.29,2.43,0.33,-0.29
83,Beverton-Holt,sigma,0.4,Beverton-Holt,0.33,0.27,0.41,1.001,-17.5,2.04,0.4,-0.29,2.43,0.33,-0.29
84,Beverton-Holt,alpha,3.81,Ricker,0.65,0.33,0.97,1.009,-82.93963254593176,3.81,0.2,1.08,0.65,0.37,0.32
84,Beverton-Holt,b_for,1.08,Ricker,0.32,0.12,0.51,1.006,-70.37037037037037,3.81,0.2,1.08,0.65,0.37,0.32
84,Beverton-Holt,sigma,0.2,Ricker,0.37,0.3,0.48,1.003,85,3.81,0.2,1.08,0.65,0.37,0.32
84,Beverton-Holt,alpha,3.81,Beverton-Holt,4.75,3.48,9.43,1.002,24.671916010498688,3.81,0.2,1.08,4.75,0.2,1.11
84,Beverton-Holt,b_for,1.08,Beverton-Holt,1.11,1.01,1.2,1.001,2.77777777777778,3.81,0.2,1.08,4.75,0.2,1.11
84,Beverton-Holt,sigma,0.2,Beverton-Holt,0.2,0.16,0.24,1.002,0,3.81,0.2,1.08,4.75,0.2,1.11
86,Beverton-Holt,alpha,2.4,Ricker,0.9,0.53,1.26,1.003,-62.5,2.4,0.8,-0.14,0.9,0.79,-0.19
86,Beverton-Holt,b_for,-0.14,Ricker,-0.19,-0.43,0.04,1,35.7142857142857,2.4,0.8,-0.14,0.9,0.79,-0.19
86,Beverton-Holt,sigma,0.8,Ricker,0.79,0.64,0.99,1,-1.250000000000001,2.4,0.8,-0.14,0.9,0.79,-0.19
86,Beverton-Holt,alpha,2.4,Beverton-Holt,3.24,1.08,9.49,1.002,35.000000000000014,2.4,0.8,-0.14,3.24,0.79,-0.11
86,Beverton-Holt,b_for,-0.14,Beverton-Holt,-0.11,-0.35,0.12,1,-21.428571428571438,2.4,0.8,-0.14,3.24,0.79,-0.11
86,Beverton-Holt,sigma,0.8,Beverton-Holt,0.79,0.64,0.99,1.002,-1.250000000000001,2.4,0.8,-0.14,3.24,0.79,-0.11
87,Beverton-Holt,alpha,4.56,Ricker,0.56,0.08,1.23,1.001,-87.71929824561403,4.56,1.6,-1.85,0.56,2.22,-1.16
87,Beverton-Holt,b_for,-1.85,Ricker,-1.16,-1.93,-0.44,1,-37.297297297297305,4.56,1.6,-1.85,0.56,2.22,-1.16
87,Beverton-Holt,sigma,1.6,Ricker,2.22,1.81,2.81,1,38.75000000000001,4.56,1.6,-1.85,0.56,2.22,-1.16
87,Beverton-Holt,alpha,4.56,Beverton-Holt,3.91,1.71,9.59,1.002,-14.25438596491227,4.56,1.6,-1.85,3.91,1.52,-1.5
87,Beverton-Holt,b_for,-1.85,Beverton-Holt,-1.5,-1.96,-1.02,1,-18.918918918918923,4.56,1.6,-1.85,3.91,1.52,-1.5
87,Beverton-Holt,sigma,1.6,Beverton-Holt,1.52,1.25,1.94,1,-5.000000000000004,4.56,1.6,-1.85,3.91,1.52,-1.5
96,Beverton-Holt,alpha,3.32,Ricker,0.82,0.35,1.3,1.004,-75.30120481927712,3.32,0.9,0.24,0.82,1.23,-0.1
96,Beverton-Holt,b_for,0.24,Ricker,-0.1,-0.46,0.27,1.001,-141.66666666666669,3.32,0.9,0.24,0.82,1.23,-0.1
96,Beverton-Holt,sigma,0.9,Ricker,1.23,1.01,1.56,1,36.66666666666666,3.32,0.9,0.24,0.82,1.23,-0.1
96,Beverton-Holt,alpha,3.32,Beverton-Holt,5.96,1.99,9.78,1,79.51807228915663,3.32,0.9,0.24,5.96,1.04,0.05
96,Beverton-Holt,b_for,0.24,Beverton-Holt,0.05,-0.28,0.35,1,-79.16666666666667,3.32,0.9,0.24,5.96,1.04,0.05
96,Beverton-Holt,sigma,0.9,Beverton-Holt,1.04,0.85,1.32,1,15.555555555555557,3.32,0.9,0.24,5.96,1.04,0.05
97,Ricker,alpha,0.3,Ricker,0.24,0.03,0.54,1.001,-20,0.3,0.8,-0.24,0.24,0.88,-0.33
97,Ricker,b_for,-0.24,Ricker,-0.33,-0.62,-0.05,1,37.50000000000001,0.3,0.8,-0.24,0.24,0.88,-0.33
97,Ricker,sigma,0.8,Ricker,0.88,0.72,1.1,1,9.999999999999995,0.3,0.8,-0.24,0.24,0.88,-0.33
97,Ricker,alpha,0.3,Beverton-Holt,0.28,0.02,0.69,1.002,-6.6666666666666545,0.3,0.8,-0.24,0.28,0.91,-0.36
97,Ricker,b_for,-0.24,Beverton-Holt,-0.36,-0.66,-0.06,1.001,50,0.3,0.8,-0.24,0.28,0.91,-0.36
97,Ricker,sigma,0.8,Beverton-Holt,0.91,0.75,1.15,1,13.749999999999996,0.3,0.8,-0.24,0.28,0.91,-0.36
98,Beverton-Holt,alpha,1.89,Ricker,0.71,0.39,1.03,1.002,-62.43386243386244,1.89,0.6,-0.63,0.71,0.65,-0.6
98,Beverton-Holt,b_for,-0.63,Ricker,-0.6,-0.84,-0.35,1.001,-4.761904761904766,1.89,0.6,-0.63,0.71,0.65,-0.6
98,Beverton-Holt,sigma,0.6,Ricker,0.65,0.53,0.84,1.001,8.333333333333341,1.89,0.6,-0.63,0.71,0.65,-0.6
98,Beverton-Holt,alpha,1.89,Beverton-Holt,2.79,1.19,9.47,1.003,47.61904761904763,1.89,0.6,-0.63,2.79,0.57,-0.6
98,Beverton-Holt,b_for,-0.63,Beverton-Holt,-0.6,-0.77,-0.41,1.003,-4.761904761904766,1.89,0.6,-0.63,2.79,0.57,-0.6
98,Beverton-Holt,sigma,0.6,Beverton-Holt,0.57,0.47,0.73,1.001,-5.000000000000004,1.89,0.6,-0.63,2.79,0.57,-0.6
99,Beverton-Holt,alpha,2.76,Ricker,0.44,0.04,0.98,1.001,-84.05797101449275,2.76,1.7,-0.01,0.44,1.64,-0.16
99,Beverton-Holt,b_for,-0.01,Ricker,-0.16,-0.64,0.31,1.001,1500,2.76,1.7,-0.01,0.44,1.64,-0.16
99,Beverton-Holt,sigma,1.7,Ricker,1.64,1.34,2.07,1.001,-3.529411764705886,2.76,1.7,-0.01,0.44,1.64,-0.16
99,Beverton-Holt,alpha,2.76,Beverton-Holt,2.04,0.33,9.29,1.002,-26.086956521739122,2.76,1.7,-0.01,2.04,1.53,-0.25
99,Beverton-Holt,b_for,-0.01,Beverton-Holt,-0.25,-0.71,0.21,1,2400,2.76,1.7,-0.01,2.04,1.53,-0.25
99,Beverton-Holt,sigma,1.7,Beverton-Holt,1.53,1.25,1.93,1.002,-9.999999999999996,2.76,1.7,-0.01,2.04,1.53,-0.25
101,Ricker,alpha,1.46,Ricker,1.13,0.87,1.4,1.001,-22.6027397260274,1.46,0.7,0.4,1.13,0.63,0.38
101,Ricker,b_for,0.4,Ricker,0.38,0.18,0.59,1.001,-5.000000000000004,1.46,0.7,0.4,1.13,0.63,0.38
101,Ricker,sigma,0.7,Ricker,0.63,0.51,0.79,1.001,-9.999999999999993,1.46,0.7,0.4,1.13,0.63,0.38
101,Ricker,alpha,1.46,Beverton-Holt,2.26,0.89,9.27,1.002,54.7945205479452,1.46,0.7,0.4,2.26,0.91,0.44
101,Ricker,b_for,0.4,Beverton-Holt,0.44,0.09,0.78,1.001,9.999999999999995,1.46,0.7,0.4,2.26,0.91,0.44
101,Ricker,sigma,0.7,Beverton-Holt,0.91,0.75,1.16,1.002,30.00000000000001,1.46,0.7,0.4,2.26,0.91,0.44
103,Beverton-Holt,alpha,3.48,Ricker,0.44,0.04,0.95,1.001,-87.356321839080465,3.48,1.3,-1.76,0.44,1.61,-1.02
103,Beverton-Holt,b_for,-1.76,Ricker,-1.02,-1.58,-0.45,1.001,-42.04545454545455,3.48,1.3,-1.76,0.44,1.61,-1.02
103,Beverton-Holt,sigma,1.3,Ricker,1.61,1.31,2.04,1.001,23.84615384615385,3.48,1.3,-1.76,0.44,1.61,-1.02
103,Beverton-Holt,alpha,3.48,Beverton-Holt,1.8,0.8,3.37,1.003,-48.275862068965516,3.48,1.3,-1.76,1.8,1.25,-1.69
103,Beverton-Holt,b_for,-1.76,Beverton-Holt,-1.69,-2.17,-1.13,1.002,-3.9772727272727306,3.48,1.3,-1.76,1.8,1.25,-1.69
103,Beverton-Holt,sigma,1.3,Beverton-Holt,1.25,1.01,1.59,1.002,-3.8461538461538494,3.48,1.3,-1.76,1.8,1.25,-1.69
104,Beverton-Holt,alpha,5.31,Ricker,0.98,0.65,1.32,1.001,-81.54425612052731,5.31,0.4,-0.03,0.98,0.42,-0.03
104,Beverton-Holt,b_for,-0.03,Ricker,-0.03,-0.17,0.1,1.001,-0,5.31,0.4,-0.03,0.98,0.42,-0.03
104,Beverton-Holt,sigma,0.4,Ricker,0.42,0.35,0.53,1.001,4.99999999999999,5.31,0.4,-0.03,0.98,0.42,-0.03
104,Beverton-Holt,alpha,5.31,Beverton-Holt,5.49,2,9.72,1.003,3.389830508474588,5.31,0.4,-0.03,5.49,0.38,0.07
104,Beverton-Holt,b_for,-0.03,Beverton-Holt,0.07,-0.06,0.18,1.001,-333.33333333333337,5.31,0.4,-0.03,5.49,0.38,0.07
104,Beverton-Holt,sigma,0.4,Beverton-Holt,0.38,0.31,0.48,1.001,-5.000000000000004,5.31,0.4,-0.03,5.49,0.38,0.07
105,Beverton-Holt,alpha,7.39,Ricker,0.63,0.09,1.27,1.001,-91.47496617050068,7.39,1.5,1.38,0.63,1.89,0.28
105,Beverton-Holt,b_for,1.38,Ricker,0.28,-0.28,0.86,1.002,-79.71014492753623,7.39,1.5,1.38,0.63,1.89,0.28
105,Beverton-Holt,sigma,1.5,Ricker,1.89,1.54,2.39,1,25.999999999999996,7.39,1.5,1.38,0.63,1.89,0.28
105,Beverton-Holt,alpha,7.39,Beverton-Holt,6.27,2.27,9.77,1.003,-15.155615696887688,7.39,1.5,1.38,6.27,1.38,1.19
105,Beverton-Holt,b_for,1.38,Beverton-Holt,1.19,0.66,1.61,1.002,-13.768115942028981,7.39,1.5,1.38,6.27,1.38,1.19
105,Beverton-Holt,sigma,1.5,Beverton-Holt,1.38,1.13,1.72,1,-8.000000000000007,7.39,1.5,1.38,6.27,1.38,1.19
108,Beverton-Holt,alpha,5.29,Ricker,0.74,0.34,1.14,1,-86.01134215500944,5.29,0.7,0.92,0.74,0.97,0.25
108,Beverton-Holt,b_for,0.92,Ricker,0.25,-0.06,0.56,1,-72.82608695652173,5.29,0.7,0.92,0.74,0.97,0.25
108,Beverton-Holt,sigma,0.7,Ricker,0.97,0.8,1.23,1,38.57142857142858,5.29,0.7,0.92,0.74,0.97,0.25
108,Beverton-Holt,alpha,5.29,Beverton-Holt,6.27,2.53,9.83,1,18.525519848771257,5.29,0.7,0.92,6.27,0.76,0.71
108,Beverton-Holt,b_for,0.92,Beverton-Holt,0.71,0.47,0.94,1,-22.826086956521745,5.29,0.7,0.92,6.27,0.76,0.71
108,Beverton-Holt,sigma,0.7,Beverton-Holt,0.76,0.62,0.97,1.001,8.57142857142858,5.29,0.7,0.92,6.27,0.76,0.71
111,Beverton-Holt,alpha,2.49,Ricker,1.17,0.85,1.48,1.003,-53.01204819277109,2.49,0.3,0.05,1.17,0.24,-0.01
111,Beverton-Holt,b_for,0.05,Ricker,-0.01,-0.1,0.07,1.001,-120.00000000000001,2.49,0.3,0.05,1.17,0.24,-0.01
111,Beverton-Holt,sigma,0.3,Ricker,0.24,0.2,0.31,1,-20,2.49,0.3,0.05,1.17,0.24,-0.01
111,Beverton-Holt,alpha,2.49,Beverton-Holt,2.38,1.45,8.2,1.005,-4.417670682730936,2.49,0.3,0.05,2.38,0.24,0.03
111,Beverton-Holt,b_for,0.05,Beverton-Holt,0.03,-0.06,0.12,1.005,-40.00000000000001,2.49,0.3,0.05,2.38,0.24,0.03
111,Beverton-Holt,sigma,0.3,Beverton-Holt,0.24,0.19,0.3,1.002,-20,2.49,0.3,0.05,2.38,0.24,0.03
116,Beverton-Holt,alpha,2.44,Ricker,0.44,0.06,0.94,1.002,-81.9672131147541,2.44,1.3,-0.49,0.44,1.59,-0.14
116,Beverton-Holt,b_for,-0.49,Ricker,-0.14,-0.6,0.32,1,-71.42857142857143,2.44,1.3,-0.49,0.44,1.59,-0.14
116,Beverton-Holt,sigma,1.3,Ricker,1.59,1.3,2.02,1.001,22.30769230769231,2.44,1.3,-0.49,0.44,1.59,-0.14
116,Beverton-Holt,alpha,2.44,Beverton-Holt,3.43,1.01,9.63,1.003,40.573770491803295,2.44,1.3,-0.49,3.43,1.39,-0.2
116,Beverton-Holt,b_for,-0.49,Beverton-Holt,-0.2,-0.62,0.21,1.001,-59.18367346938775,2.44,1.3,-0.49,3.43,1.39,-0.2
116,Beverton-Holt,sigma,1.3,Beverton-Holt,1.39,1.14,1.75,1,6.923076923076912,2.44,1.3,-0.49,3.43,1.39,-0.2
117,Ricker,alpha,1.52,Ricker,1.57,1.34,1.81,1.001,3.289473684210529,1.52,0.6,0.7,1.57,0.56,0.75
117,Ricker,b_for,0.7,Ricker,0.75,0.56,0.93,1.001,7.1428571428571495,1.52,0.6,0.7,1.57,0.56,0.75
117,Ricker,sigma,0.6,Ricker,0.56,0.46,0.71,1.001,-6.6666666666666545,1.52,0.6,0.7,1.57,0.56,0.75
117,Ricker,alpha,1.52,Beverton-Holt,1.84,1.07,2.89,1.001,21.052631578947373,1.52,0.6,0.7,1.84,1.09,0.73
117,Ricker,b_for,0.7,Beverton-Holt,0.73,0.33,1.13,1,4.28571428571429,1.52,0.6,0.7,1.84,1.09,0.73
117,Ricker,sigma,0.6,Beverton-Holt,1.09,0.89,1.39,1,81.66666666666669,1.52,0.6,0.7,1.84,1.09,0.73
118,Beverton-Holt,alpha,1.82,Ricker,0.39,0.02,0.94,1.002,-78.57142857142858,1.82,1.7,-1.51,0.39,1.88,-0.9
118,Beverton-Holt,b_for,-1.51,Ricker,-0.9,-1.5,-0.29,1.001,-40.397350993377486,1.82,1.7,-1.51,0.39,1.88,-0.9
118,Beverton-Holt,sigma,1.7,Ricker,1.88,1.54,2.39,1,10.588235294117643,1.82,1.7,-1.51,0.39,1.88,-0.9
118,Beverton-Holt,alpha,1.82,Beverton-Holt,1.6,0.63,3.14,1.008,-12.087912087912086,1.82,1.7,-1.51,1.6,1.52,-1.23
118,Beverton-Holt,b_for,-1.51,Beverton-Holt,-1.23,-1.71,-0.71,1.001,-18.543046357615896,1.82,1.7,-1.51,1.6,1.52,-1.23
118,Beverton-Holt,sigma,1.7,Beverton-Holt,1.52,1.22,1.94,1.001,-10.588235294117643,1.82,1.7,-1.51,1.6,1.52,-1.23
120,Ricker,alpha,0.22,Ricker,0.36,0.07,0.64,1.002,63.636363636363626,0.22,0.7,-0.33,0.36,0.73,-0.44
120,Ricker,b_for,-0.33,Ricker,-0.44,-0.7,-0.2,1.001,33.33333333333333,0.22,0.7,-0.33,0.36,0.73,-0.44
120,Ricker,sigma,0.7,Ricker,0.73,0.6,0.92,1.002,4.28571428571429,0.22,0.7,-0.33,0.36,0.73,-0.44
120,Ricker,alpha,0.22,Beverton-Holt,0.66,0.19,1.34,1.003,200.00000000000003,0.22,0.7,-0.33,0.66,0.72,-0.52
120,Ricker,b_for,-0.33,Beverton-Holt,-0.52,-0.78,-0.25,1.001,57.57575757575757,0.22,0.7,-0.33,0.66,0.72,-0.52
120,Ricker,sigma,0.7,Beverton-Holt,0.72,0.59,0.9,1.001,2.85714285714286,0.22,0.7,-0.33,0.66,0.72,-0.52
121,Ricker,alpha,0.76,Ricker,0.55,0.27,0.83,1.003,-27.631578947368418,0.76,0.4,0.17,0.55,0.43,0.12
121,Ricker,b_for,0.17,Ricker,0.12,-0.05,0.27,1.002,-29.411764705882362,0.76,0.4,0.17,0.55,0.43,0.12
121,Ricker,sigma,0.4,Ricker,0.43,0.35,0.54,1.001,7.499999999999993,0.76,0.4,0.17,0.55,0.43,0.12
121,Ricker,alpha,0.76,Beverton-Holt,0.73,0.27,1.37,1.012,-3.947368421052635,0.76,0.4,0.17,0.73,0.44,0.16
121,Ricker,b_for,0.17,Beverton-Holt,0.16,-0.04,0.36,1.007,-5.8823529411764754,0.76,0.4,0.17,0.73,0.44,0.16
121,Ricker,sigma,0.4,Beverton-Holt,0.44,0.36,0.55,1.002,9.999999999999995,0.76,0.4,0.17,0.73,0.44,0.16
125,Beverton-Holt,alpha,2.54,Ricker,0.41,0.05,0.92,1,-83.85826771653544,2.54,1.3,-0.28,0.41,1.56,-0.19
125,Beverton-Holt,b_for,-0.28,Ricker,-0.19,-0.64,0.25,1.001,-32.142857142857146,2.54,1.3,-0.28,0.41,1.56,-0.19
125,Beverton-Holt,sigma,1.3,Ricker,1.56,1.28,1.96,1.001,20,2.54,1.3,-0.28,0.41,1.56,-0.19
125,Beverton-Holt,alpha,2.54,Beverton-Holt,5.34,1.5,9.74,1,110.23622047244095,2.54,1.3,-0.28,5.34,1.29,-0.11
125,Beverton-Holt,b_for,-0.28,Beverton-Holt,-0.11,-0.49,0.28,1,-60.71428571428572,2.54,1.3,-0.28,5.34,1.29,-0.11
125,Beverton-Holt,sigma,1.3,Beverton-Holt,1.29,1.05,1.63,1.001,-0.7692307692307699,2.54,1.3,-0.28,5.34,1.29,-0.11
127,Beverton-Holt,alpha,1.84,Ricker,0.58,0.14,1.07,1.002,-68.47826086956523,1.84,1.2,-0.64,0.58,1.41,-0.56
127,Beverton-Holt,b_for,-0.64,Ricker,-0.56,-1.01,-0.11,1.002,-12.499999999999995,1.84,1.2,-0.64,0.58,1.41,-0.56
127,Beverton-Holt,sigma,1.2,Ricker,1.41,1.16,1.78,1,17.499999999999996,1.84,1.2,-0.64,0.58,1.41,-0.56
127,Beverton-Holt,alpha,1.84,Beverton-Holt,4.22,1.35,9.59,1.002,129.3478260869565,1.84,1.2,-0.64,4.22,1.16,-0.69
127,Beverton-Holt,b_for,-0.64,Beverton-Holt,-0.69,-1.05,-0.32,1.001,7.8124999999999885,1.84,1.2,-0.64,4.22,1.16,-0.69
127,Beverton-Holt,sigma,1.2,Beverton-Holt,1.16,0.95,1.49,1,-3.3333333333333366,1.84,1.2,-0.64,4.22,1.16,-0.69
129,Ricker,alpha,1.62,Ricker,1.47,1.21,1.74,1,-9.259259259259267,1.62,0.2,0.05,1.47,0.19,0.07
129,Ricker,b_for,0.05,Ricker,0.07,-0.01,0.14,1.001,40.00000000000001,1.62,0.2,0.05,1.47,0.19,0.07
129,Ricker,sigma,0.2,Ricker,0.19,0.16,0.25,1.001,-5.000000000000004,1.62,0.2,0.05,1.47,0.19,0.07
129,Ricker,alpha,1.62,Beverton-Holt,1.83,1.3,2.51,1,12.96296296296296,1.62,0.2,0.05,1.83,0.23,0.05
129,Ricker,b_for,0.05,Beverton-Holt,0.05,-0.04,0.14,1,0,1.62,0.2,0.05,1.83,0.23,0.05
129,Ricker,sigma,0.2,Beverton-Holt,0.23,0.19,0.29,1.001,15,1.62,0.2,0.05,1.83,0.23,0.05
131,Beverton-Holt,alpha,1.46,Ricker,0.81,0.24,1.4,1.001,-44.52054794520547,1.46,1.6,0.08,0.81,1.73,-0.24
131,Beverton-Holt,b_for,0.08,Ricker,-0.24,-0.74,0.27,1,-400,1.46,1.6,0.08,0.81,1.73,-0.24
131,Beverton-Holt,sigma,1.6,Ricker,1.73,1.42,2.16,1.001,8.124999999999993,1.46,1.6,0.08,0.81,1.73,-0.24
131,Beverton-Holt,alpha,1.46,Beverton-Holt,5.57,1.92,9.76,1.002,281.50684931506856,1.46,1.6,0.08,5.57,1.41,-0.2
131,Beverton-Holt,b_for,0.08,Beverton-Holt,-0.2,-0.61,0.21,1.001,-350.00000000000006,1.46,1.6,0.08,5.57,1.41,-0.2
131,Beverton-Holt,sigma,1.6,Beverton-Holt,1.41,1.15,1.76,1.001,-11.87500000000001,1.46,1.6,0.08,5.57,1.41,-0.2
135,Beverton-Holt,alpha,5.31,Ricker,0.27,0.02,0.6,1.001,-94.91525423728812,5.31,0.4,-1.87,0.27,1.13,-0.92
135,Beverton-Holt,b_for,-1.87,Ricker,-0.92,-1.36,-0.48,1.001,-50.80213903743315,5.31,0.4,-1.87,0.27,1.13,-0.92
135,Beverton-Holt,sigma,0.4,Ricker,1.13,0.91,1.44,1,182.49999999999994,5.31,0.4,-1.87,0.27,1.13,-0.92
135,Beverton-Holt,alpha,5.31,Beverton-Holt,6.83,3.52,9.82,1.003,28.625235404896436,5.31,0.4,-1.87,6.83,0.31,-1.96
135,Beverton-Holt,b_for,-1.87,Beverton-Holt,-1.96,-2.05,-1.86,1,4.812834224598922,5.31,0.4,-1.87,6.83,0.31,-1.96
135,Beverton-Holt,sigma,0.4,Beverton-Holt,0.31,0.25,0.39,1.002,-22.500000000000004,5.31,0.4,-1.87,6.83,0.31,-1.96
138,Beverton-Holt,alpha,1.65,Ricker,0.68,0.2,1.17,1.004,-58.78787878787878,1.65,1.3,0.91,0.68,1.29,0.34
138,Beverton-Holt,b_for,0.91,Ricker,0.34,-0.07,0.76,1.001,-62.63736263736264,1.65,1.3,0.91,0.68,1.29,0.34
138,Beverton-Holt,sigma,1.3,Ricker,1.29,1.05,1.63,1.001,-0.7692307692307699,1.65,1.3,0.91,0.68,1.29,0.34
138,Beverton-Holt,alpha,1.65,Beverton-Holt,6.67,2.56,9.85,1.001,304.24242424242425,1.65,1.3,0.91,6.67,1.01,1.3
138,Beverton-Holt,b_for,0.91,Beverton-Holt,1.3,0.83,1.62,1.002,42.857142857142854,1.65,1.3,0.91,6.67,1.01,1.3
138,Beverton-Holt,sigma,1.3,Beverton-Holt,1.01,0.82,1.29,1.001,-22.30769230769231,1.65,1.3,0.91,6.67,1.01,1.3
140,Beverton-Holt,alpha,1.7,Ricker,0.78,0.25,1.37,1,-54.11764705882353,1.7,1.7,-0.53,0.78,1.63,-0.55
140,Beverton-Holt,b_for,-0.53,Ricker,-0.55,-1.04,-0.05,1.001,3.7735849056603805,1.7,1.7,-0.53,0.78,1.63,-0.55
140,Beverton-Holt,sigma,1.7,Ricker,1.63,1.32,2.06,1.001,-4.117647058823533,1.7,1.7,-0.53,0.78,1.63,-0.55
140,Beverton-Holt,alpha,1.7,Beverton-Holt,5.86,1.83,9.76,1,244.7058823529412,1.7,1.7,-0.53,5.86,1.44,-0.45
140,Beverton-Holt,b_for,-0.53,Beverton-Holt,-0.45,-0.86,-0.01,1,-15.094339622641511,1.7,1.7,-0.53,5.86,1.44,-0.45
140,Beverton-Holt,sigma,1.7,Beverton-Holt,1.44,1.17,1.81,1,-15.294117647058824,1.7,1.7,-0.53,5.86,1.44,-0.45
143,Beverton-Holt,alpha,2.76,Ricker,0.37,0.16,0.55,1.002,-86.59420289855072,2.76,0,-1.05,0.37,0.54,-0.79
143,Beverton-Holt,b_for,-1.05,Ricker,-0.79,-1,-0.56,1.001,-24.76190476190476,2.76,0,-1.05,0.37,0.54,-0.79
143,Beverton-Holt,sigma,0,Ricker,0.54,0.44,0.68,0.999,Inf,2.76,0,-1.05,0.37,0.54,-0.79
143,Beverton-Holt,alpha,2.76,Beverton-Holt,2.7,2.61,2.79,1.001,-2.173913043478247,2.76,0,-1.05,2.7,0.02,-1.05
143,Beverton-Holt,b_for,-1.05,Beverton-Holt,-1.05,-1.06,-1.04,1,-0,2.76,0,-1.05,2.7,0.02,-1.05
143,Beverton-Holt,sigma,0,Beverton-Holt,0.02,0.02,0.03,1,Inf,2.76,0,-1.05,2.7,0.02,-1.05
145,Ricker,alpha,0.66,Ricker,0.72,0.4,1.03,1.002,9.090909090909083,0.66,0.7,0.34,0.72,0.67,0.4
145,Ricker,b_for,0.34,Ricker,0.4,0.17,0.63,1.001,17.64705882352941,0.66,0.7,0.34,0.72,0.67,0.4
145,Ricker,sigma,0.7,Ricker,0.67,0.55,0.85,1.001,-4.285714285714274,0.66,0.7,0.34,0.72,0.67,0.4
145,Ricker,alpha,0.66,Beverton-Holt,0.83,0.35,1.39,1.002,25.757575757575747,0.66,0.7,0.34,0.83,0.72,0.42
145,Ricker,b_for,0.34,Beverton-Holt,0.42,0.13,0.72,1.002,23.52941176470587,0.66,0.7,0.34,0.83,0.72,0.42
145,Ricker,sigma,0.7,Beverton-Holt,0.72,0.59,0.91,1.002,2.85714285714286,0.66,0.7,0.34,0.83,0.72,0.42
146,Beverton-Holt,alpha,2.34,Ricker,0.51,0.05,1.22,1.001,-78.2051282051282,2.34,1.7,-0.67,0.51,2.28,-0.6
146,Beverton-Holt,b_for,-0.67,Ricker,-0.6,-1.26,0.07,1,-10.447761194029859,2.34,1.7,-0.67,0.51,2.28,-0.6
146,Beverton-Holt,sigma,1.7,Ricker,2.28,1.87,2.9,1.001,34.11764705882352,2.34,1.7,-0.67,0.51,2.28,-0.6
146,Beverton-Holt,alpha,2.34,Beverton-Holt,6.39,2.49,9.78,1,173.0769230769231,2.34,1.7,-0.67,6.39,1.62,-0.73
146,Beverton-Holt,b_for,-0.67,Beverton-Holt,-0.73,-1.2,-0.27,1,8.955223880597007,2.34,1.7,-0.67,6.39,1.62,-0.73
146,Beverton-Holt,sigma,1.7,Beverton-Holt,1.62,1.33,2.05,1,-4.705882352941168,2.34,1.7,-0.67,6.39,1.62,-0.73
148,Ricker,alpha,1.82,Ricker,2.1,1.79,2.42,1.001,15.384615384615387,1.82,0.8,-0.15,2.1,0.82,-0.13
148,Ricker,b_for,-0.15,Ricker,-0.13,-0.38,0.11,0.999,-13.333333333333329,1.82,0.8,-0.15,2.1,0.82,-0.13
148,Ricker,sigma,0.8,Ricker,0.82,0.67,1.04,1,2.499999999999988,1.82,0.8,-0.15,2.1,0.82,-0.13
148,Ricker,alpha,1.82,Beverton-Holt,2.8,1.43,7.81,1.002,53.846153846153825,1.82,0.8,-0.15,2.8,1.86,-0.32
148,Ricker,b_for,-0.15,Beverton-Holt,-0.32,-0.87,0.22,1.001,113.33333333333334,1.82,0.8,-0.15,2.8,1.86,-0.32
148,Ricker,sigma,0.8,Beverton-Holt,1.86,1.51,2.33,1,132.5,1.82,0.8,-0.15,2.8,1.86,-0.32
152,Beverton-Holt,alpha,3.4,Ricker,0.8,0.47,1.13,1.002,-76.4705882352941,3.4,0.6,-0.38,0.8,0.62,-0.29
152,Beverton-Holt,b_for,-0.38,Ricker,-0.29,-0.48,-0.09,1.001,-23.684210526315795,3.4,0.6,-0.38,0.8,0.62,-0.29
152,Beverton-Holt,sigma,0.6,Ricker,0.62,0.5,0.79,1,3.3333333333333366,3.4,0.6,-0.38,0.8,0.62,-0.29
152,Beverton-Holt,alpha,3.4,Beverton-Holt,2.24,1.07,9.18,1.006,-34.11764705882352,3.4,0.6,-0.38,2.24,0.59,-0.26
152,Beverton-Holt,b_for,-0.38,Beverton-Holt,-0.26,-0.44,-0.09,1,-31.57894736842105,3.4,0.6,-0.38,2.24,0.59,-0.26
152,Beverton-Holt,sigma,0.6,Beverton-Holt,0.59,0.47,0.74,1,-1.6666666666666683,3.4,0.6,-0.38,2.24,0.59,-0.26
155,Beverton-Holt,alpha,5.34,Ricker,0.59,0.12,1.1,1.002,-88.95131086142322,5.34,1.3,-0.77,0.59,1.43,-0.78
155,Beverton-Holt,b_for,-0.77,Ricker,-0.78,-1.28,-0.29,1.001,1.2987012987012998,5.34,1.3,-0.77,0.59,1.43,-0.78
155,Beverton-Holt,sigma,1.3,Ricker,1.43,1.18,1.82,1.002,9.999999999999991,5.34,1.3,-0.77,0.59,1.43,-0.78
155,Beverton-Holt,alpha,5.34,Beverton-Holt,4.61,1.54,9.67,1.001,-13.670411985018719,5.34,1.3,-0.77,4.61,1.16,-0.85
155,Beverton-Holt,b_for,-0.77,Beverton-Holt,-0.85,-1.18,-0.5,1,10.389610389610384,5.34,1.3,-0.77,4.61,1.16,-0.85
155,Beverton-Holt,sigma,1.3,Beverton-Holt,1.16,0.95,1.46,1,-10.769230769230779,5.34,1.3,-0.77,4.61,1.16,-0.85
158,Beverton-Holt,alpha,2.66,Ricker,0.34,0.1,0.59,1.002,-87.21804511278197,2.66,0.3,-0.87,0.34,0.67,-0.65
158,Beverton-Holt,b_for,-0.87,Ricker,-0.65,-0.91,-0.37,1.003,-25.287356321839077,2.66,0.3,-0.87,0.34,0.67,-0.65
158,Beverton-Holt,sigma,0.3,Ricker,0.67,0.55,0.84,1.001,123.33333333333336,2.66,0.3,-0.87,0.34,0.67,-0.65
158,Beverton-Holt,alpha,2.66,Beverton-Holt,5.22,2.21,9.76,1.001,96.24060150375938,2.66,0.3,-0.87,5.22,0.36,-0.87
158,Beverton-Holt,b_for,-0.87,Beverton-Holt,-0.87,-0.98,-0.76,1.001,-0,2.66,0.3,-0.87,5.22,0.36,-0.87
158,Beverton-Holt,sigma,0.3,Beverton-Holt,0.36,0.3,0.45,1.001,20,2.66,0.3,-0.87,5.22,0.36,-0.87
164,Beverton-Holt,alpha,4.98,Ricker,1.24,0.84,1.67,1,-75.10040160642569,4.98,0.7,0.09,1.24,0.71,0.03
164,Beverton-Holt,b_for,0.09,Ricker,0.03,-0.19,0.25,1,-66.66666666666667,4.98,0.7,0.09,1.24,0.71,0.03
164,Beverton-Holt,sigma,0.7,Ricker,0.71,0.58,0.91,1.001,1.42857142857143,4.98,0.7,0.09,1.24,0.71,0.03
164,Beverton-Holt,alpha,4.98,Beverton-Holt,6.67,2.78,9.84,1.002,33.935742971887535,4.98,0.7,0.09,6.67,0.64,0.07
164,Beverton-Holt,b_for,0.09,Beverton-Holt,0.07,-0.12,0.27,1.001,-22.222222222222214,4.98,0.7,0.09,6.67,0.64,0.07
164,Beverton-Holt,sigma,0.7,Beverton-Holt,0.64,0.52,0.8,1.002,-8.571428571428564,4.98,0.7,0.09,6.67,0.64,0.07
165,Beverton-Holt,alpha,2.59,Ricker,0.45,0.08,0.86,1.001,-82.62548262548262,2.59,0.8,0.93,0.45,1.13,0.22
165,Beverton-Holt,b_for,0.93,Ricker,0.22,-0.15,0.59,1,-76.34408602150539,2.59,0.8,0.93,0.45,1.13,0.22
165,Beverton-Holt,sigma,0.8,Ricker,1.13,0.93,1.42,1.001,41.24999999999998,2.59,0.8,0.93,0.45,1.13,0.22
165,Beverton-Holt,alpha,2.59,Beverton-Holt,6.04,2.5,9.79,1.003,133.2046332046332,2.59,0.8,0.93,6.04,0.86,1.05
165,Beverton-Holt,b_for,0.93,Beverton-Holt,1.05,0.69,1.33,1.004,12.903225806451612,2.59,0.8,0.93,6.04,0.86,1.05
165,Beverton-Holt,sigma,0.8,Beverton-Holt,0.86,0.7,1.07,1.001,7.499999999999993,2.59,0.8,0.93,6.04,0.86,1.05
166,Beverton-Holt,alpha,2.46,Ricker,1.07,0.69,1.44,1.002,-56.50406504065041,2.46,0.5,0.01,1.07,0.51,-0.02
166,Beverton-Holt,b_for,0.01,Ricker,-0.02,-0.18,0.14,1.002,-300,2.46,0.5,0.01,1.07,0.51,-0.02
166,Beverton-Holt,sigma,0.5,Ricker,0.51,0.42,0.65,1.003,2.0000000000000018,2.46,0.5,0.01,1.07,0.51,-0.02
166,Beverton-Holt,alpha,2.46,Beverton-Holt,3.14,1.19,9.47,1.005,27.642276422764233,2.46,0.5,0.01,3.14,0.51,0.05
166,Beverton-Holt,b_for,0.01,Beverton-Holt,0.05,-0.12,0.22,1.002,400,2.46,0.5,0.01,3.14,0.51,0.05
166,Beverton-Holt,sigma,0.5,Beverton-Holt,0.51,0.41,0.65,1,2.0000000000000018,2.46,0.5,0.01,3.14,0.51,0.05
168,Beverton-Holt,alpha,5.57,Ricker,0.6,0.24,0.98,1.002,-89.22800718132855,5.57,0.9,-1.03,0.6,1.04,-1.13
168,Beverton-Holt,b_for,-1.03,Ricker,-1.13,-1.55,-0.7,1.001,9.708737864077657,5.57,0.9,-1.03,0.6,1.04,-1.13
168,Beverton-Holt,sigma,0.9,Ricker,1.04,0.85,1.3,1.002,15.555555555555557,5.57,0.9,-1.03,0.6,1.04,-1.13
168,Beverton-Holt,alpha,5.57,Beverton-Holt,6.24,2.63,9.76,1.001,12.028725314183124,5.57,0.9,-1.03,6.24,0.68,-1.08
168,Beverton-Holt,b_for,-1.03,Beverton-Holt,-1.08,-1.28,-0.87,1,4.854368932038839,5.57,0.9,-1.03,6.24,0.68,-1.08
168,Beverton-Holt,sigma,0.9,Beverton-Holt,0.68,0.55,0.87,1.001,-24.44444444444444,5.57,0.9,-1.03,6.24,0.68,-1.08
171,Ricker,alpha,2.22,Ricker,2.12,1.82,2.41,1.001,-4.504504504504508,2.22,0.7,-0.9,2.12,0.7,-0.87
171,Ricker,b_for,-0.9,Ricker,-0.87,-1.09,-0.65,1.001,-3.333333333333336,2.22,0.7,-0.9,2.12,0.7,-0.87
171,Ricker,sigma,0.7,Ricker,0.7,0.57,0.89,1.002,0,2.22,0.7,-0.9,2.12,0.7,-0.87
171,Ricker,alpha,2.22,Beverton-Holt,7.03,3.44,9.85,1.001,216.66666666666669,2.22,0.7,-0.9,7.03,1.22,-0.15
171,Ricker,b_for,-0.9,Beverton-Holt,-0.15,-0.53,0.22,1.001,-83.33333333333333,2.22,0.7,-0.9,7.03,1.22,-0.15
171,Ricker,sigma,0.7,Beverton-Holt,1.22,0.99,1.54,1,74.28571428571429,2.22,0.7,-0.9,7.03,1.22,-0.15
172,Beverton-Holt,alpha,3.4,Ricker,0.41,0.03,1.03,1.001,-87.94117647058823,3.4,1.6,-1.58,0.41,1.99,-0.79
172,Beverton-Holt,b_for,-1.58,Ricker,-0.79,-1.42,-0.14,1.004,-50,3.4,1.6,-1.58,0.41,1.99,-0.79
172,Beverton-Holt,sigma,1.6,Ricker,1.99,1.62,2.51,1.001,24.374999999999993,3.4,1.6,-1.58,0.41,1.99,-0.79
172,Beverton-Holt,alpha,3.4,Beverton-Holt,3.67,1.44,9.54,1.001,7.9411764705882355,3.4,1.6,-1.58,3.67,1.52,-1.41
172,Beverton-Holt,b_for,-1.58,Beverton-Holt,-1.41,-1.88,-0.9,1.002,-10.759493670886085,3.4,1.6,-1.58,3.67,1.52,-1.41
172,Beverton-Holt,sigma,1.6,Beverton-Holt,1.52,1.24,1.92,1.002,-5.000000000000004,3.4,1.6,-1.58,3.67,1.52,-1.41
175,Ricker,alpha,2.3,Ricker,2.31,2.16,2.46,1,0.43478260869566226,2.3,0.2,-0.4,2.31,0.22,-0.46
175,Ricker,b_for,-0.4,Ricker,-0.46,-0.52,-0.39,1.001,15,2.3,0.2,-0.4,2.31,0.22,-0.46
175,Ricker,sigma,0.2,Ricker,0.22,0.18,0.28,1,9.999999999999995,2.3,0.2,-0.4,2.31,0.22,-0.46
175,Ricker,alpha,2.3,Beverton-Holt,7.18,3.77,9.87,0.999,212.17391304347828,2.3,0.2,-0.4,7.18,0.56,-0.13
175,Ricker,b_for,-0.4,Beverton-Holt,-0.13,-0.29,0.04,1,-67.5,2.3,0.2,-0.4,7.18,0.56,-0.13
175,Ricker,sigma,0.2,Beverton-Holt,0.56,0.46,0.71,1.001,180.00000000000003,2.3,0.2,-0.4,7.18,0.56,-0.13
176,Beverton-Holt,alpha,4.97,Ricker,0.95,0.21,1.78,1.003,-80.88531187122736,4.97,1.8,0.63,0.95,2.19,0.25
176,Beverton-Holt,b_for,0.63,Ricker,0.25,-0.38,0.92,1,-60.317460317460316,4.97,1.8,0.63,0.95,2.19,0.25
176,Beverton-Holt,sigma,1.8,Ricker,2.19,1.78,2.76,1,21.66666666666666,4.97,1.8,0.63,0.95,2.19,0.25
176,Beverton-Holt,alpha,4.97,Beverton-Holt,6.52,2.65,9.83,1.001,31.187122736418505,4.97,1.8,0.63,6.52,1.75,0.81
176,Beverton-Holt,b_for,0.63,Beverton-Holt,0.81,0.24,1.31,1,28.571428571428577,4.97,1.8,0.63,6.52,1.75,0.81
176,Beverton-Holt,sigma,1.8,Beverton-Holt,1.75,1.43,2.2,1.001,-2.7777777777777803,4.97,1.8,0.63,6.52,1.75,0.81
179,Ricker,alpha,0.4,Ricker,0.56,0.09,1.09,1,40.00000000000001,0.4,1.5,0.15,0.56,1.69,0.19
179,Ricker,b_for,0.15,Ricker,0.19,-0.3,0.69,1,26.666666666666675,0.4,1.5,0.15,0.56,1.69,0.19
179,Ricker,sigma,1.5,Ricker,1.69,1.38,2.12,1.002,12.666666666666663,0.4,1.5,0.15,0.56,1.69,0.19
179,Ricker,alpha,0.4,Beverton-Holt,0.94,0.17,2.25,1.004,134.99999999999997,0.4,1.5,0.15,0.94,1.91,0.1
179,Ricker,b_for,0.15,Beverton-Holt,0.1,-0.46,0.66,1.003,-33.33333333333333,0.4,1.5,0.15,0.94,1.91,0.1
179,Ricker,sigma,1.5,Beverton-Holt,1.91,1.55,2.46,1.001,27.33333333333333,0.4,1.5,0.15,0.94,1.91,0.1
180,Beverton-Holt,alpha,2.74,Ricker,0.5,0.05,1.19,1.001,-81.75182481751825,2.74,1.7,-0.68,0.5,2.16,-0.63
180,Beverton-Holt,b_for,-0.68,Ricker,-0.63,-1.27,0.05,1,-7.352941176470594,2.74,1.7,-0.68,0.5,2.16,-0.63
180,Beverton-Holt,sigma,1.7,Ricker,2.16,1.76,2.74,1.002,27.05882352941178,2.74,1.7,-0.68,0.5,2.16,-0.63
180,Beverton-Holt,alpha,2.74,Beverton-Holt,2.67,0.93,9.19,1.001,-2.5547445255474552,2.74,1.7,-0.68,2.67,1.84,-0.62
180,Beverton-Holt,b_for,-0.68,Beverton-Holt,-0.62,-1.17,-0.07,1.001,-8.823529411764714,2.74,1.7,-0.68,2.67,1.84,-0.62
180,Beverton-Holt,sigma,1.7,Beverton-Holt,1.84,1.49,2.31,1.001,8.235294117647067,2.74,1.7,-0.68,2.67,1.84,-0.62
181,Beverton-Holt,alpha,4.18,Ricker,0.8,0.51,1.06,1,-80.86124401913877,4.18,0.4,0.48,0.8,0.46,0.16
181,Beverton-Holt,b_for,0.48,Ricker,0.16,-0,0.32,1.002,-66.66666666666666,4.18,0.4,0.48,0.8,0.46,0.16
181,Beverton-Holt,sigma,0.4,Ricker,0.46,0.37,0.58,1,15,4.18,0.4,0.48,0.8,0.46,0.16
181,Beverton-Holt,alpha,4.18,Beverton-Holt,4.74,1.42,9.65,1.013,13.397129186602884,4.18,0.4,0.48,4.74,0.44,0.43
181,Beverton-Holt,b_for,0.48,Beverton-Holt,0.43,0.21,0.58,1.031,-10.416666666666666,4.18,0.4,0.48,4.74,0.44,0.43
181,Beverton-Holt,sigma,0.4,Beverton-Holt,0.44,0.36,0.55,1.003,9.999999999999995,4.18,0.4,0.48,4.74,0.44,0.43
183,Ricker,alpha,1.42,Ricker,1.5,1.26,1.74,1.001,5.633802816901413,1.42,0.6,0.56,1.5,0.57,0.5
183,Ricker,b_for,0.56,Ricker,0.5,0.32,0.69,1.002,-10.714285714285722,1.42,0.6,0.56,1.5,0.57,0.5
183,Ricker,sigma,0.6,Ricker,0.57,0.46,0.72,1.001,-5.000000000000004,1.42,0.6,0.56,1.5,0.57,0.5
183,Ricker,alpha,1.42,Beverton-Holt,1.99,1.05,7.82,1.012,40.14084507042254,1.42,0.6,0.56,1.99,1.09,0.45
183,Ricker,b_for,0.56,Beverton-Holt,0.45,0.07,0.84,1.003,-19.642857142857146,1.42,0.6,0.56,1.99,1.09,0.45
183,Ricker,sigma,0.6,Beverton-Holt,1.09,0.88,1.39,1.003,81.66666666666669,1.42,0.6,0.56,1.99,1.09,0.45
185,Beverton-Holt,alpha,1.98,Ricker,0.54,0.16,0.93,1.001,-72.72727272727273,1.98,0.8,-0.61,0.54,1.07,-0.7
185,Beverton-Holt,b_for,-0.61,Ricker,-0.7,-1.05,-0.34,1.001,14.754098360655732,1.98,0.8,-0.61,0.54,1.07,-0.7
185,Beverton-Holt,sigma,0.8,Ricker,1.07,0.88,1.36,1.001,33.75,1.98,0.8,-0.61,0.54,1.07,-0.7
185,Beverton-Holt,alpha,1.98,Beverton-Holt,3.35,1.32,9.66,1.002,69.1919191919192,1.98,0.8,-0.61,3.35,0.88,-0.81
185,Beverton-Holt,b_for,-0.61,Beverton-Holt,-0.81,-1.07,-0.54,1.002,32.78688524590165,1.98,0.8,-0.61,3.35,0.88,-0.81
185,Beverton-Holt,sigma,0.8,Beverton-Holt,0.88,0.72,1.11,1.001,9.999999999999995,1.98,0.8,-0.61,3.35,0.88,-0.81
187,Beverton-Holt,alpha,2.06,Ricker,0.37,0.03,1.02,1,-82.03883495145631,2.06,1.7,0.23,0.37,2.3,0.01
187,Beverton-Holt,b_for,0.23,Ricker,0.01,-0.66,0.67,1.001,-95.65217391304347,2.06,1.7,0.23,0.37,2.3,0.01
187,Beverton-Holt,sigma,1.7,Ricker,2.3,1.87,2.91,1.001,35.29411764705882,2.06,1.7,0.23,0.37,2.3,0.01
187,Beverton-Holt,alpha,2.06,Beverton-Holt,0.71,0.06,1.82,1.009,-65.53398058252426,2.06,1.7,0.23,0.71,2.13,0.06
187,Beverton-Holt,b_for,0.23,Beverton-Holt,0.06,-0.58,0.62,1.017,-73.91304347826086,2.06,1.7,0.23,0.71,2.13,0.06
187,Beverton-Holt,sigma,1.7,Beverton-Holt,2.13,1.74,2.79,1.003,25.29411764705882,2.06,1.7,0.23,0.71,2.13,0.06
189,Ricker,alpha,2.27,Ricker,2.24,1.97,2.52,1.002,-1.3215859030836918,2.27,0.9,-0.8,2.24,0.63,-0.68
189,Ricker,b_for,-0.8,Ricker,-0.68,-0.87,-0.48,1,-15,2.27,0.9,-0.8,2.24,0.63,-0.68
189,Ricker,sigma,0.9,Ricker,0.63,0.52,0.79,1.002,-30,2.27,0.9,-0.8,2.24,0.63,-0.68
189,Ricker,alpha,2.27,Beverton-Holt,6.7,3.01,9.81,1,195.15418502202644,2.27,0.9,-0.8,6.7,1.34,0.08
189,Ricker,b_for,-0.8,Beverton-Holt,0.08,-0.33,0.49,1,-110,2.27,0.9,-0.8,6.7,1.34,0.08
189,Ricker,sigma,0.9,Beverton-Holt,1.34,1.09,1.69,1,48.88888888888889,2.27,0.9,-0.8,6.7,1.34,0.08
190,Ricker,alpha,1.36,Ricker,1.48,1.16,1.8,1.001,8.823529411764698,1.36,0.5,0.06,1.48,0.43,0.22
190,Ricker,b_for,0.06,Ricker,0.22,0.07,0.37,1,266.6666666666667,1.36,0.5,0.06,1.48,0.43,0.22
190,Ricker,sigma,0.5,Ricker,0.43,0.36,0.54,1.002,-14.000000000000002,1.36,0.5,0.06,1.48,0.43,0.22
190,Ricker,alpha,1.36,Beverton-Holt,4.67,1.79,9.67,1.005,243.3823529411764,1.36,0.5,0.06,4.67,0.51,0.27
190,Ricker,b_for,0.06,Beverton-Holt,0.27,0.09,0.43,1.005,350.00000000000006,1.36,0.5,0.06,4.67,0.51,0.27
190,Ricker,sigma,0.5,Beverton-Holt,0.51,0.42,0.65,1.001,2.0000000000000018,1.36,0.5,0.06,4.67,0.51,0.27
191,Beverton-Holt,alpha,4.58,Ricker,0.88,0.29,1.43,1.003,-80.78602620087337,4.58,1.8,-0.75,0.88,1.56,-0.69
191,Beverton-Holt,b_for,-0.75,Ricker,-0.69,-1.18,-0.18,1.001,-8.000000000000007,4.58,1.8,-0.75,0.88,1.56,-0.69
191,Beverton-Holt,sigma,1.8,Ricker,1.56,1.28,1.98,1,-13.333333333333332,4.58,1.8,-0.75,0.88,1.56,-0.69
191,Beverton-Holt,alpha,4.58,Beverton-Holt,5.49,1.34,9.74,1.002,19.868995633187776,4.58,1.8,-0.75,5.49,1.48,-0.85
191,Beverton-Holt,b_for,-0.75,Beverton-Holt,-0.85,-1.3,-0.38,1.001,13.33333333333333,4.58,1.8,-0.75,5.49,1.48,-0.85
191,Beverton-Holt,sigma,1.8,Beverton-Holt,1.48,1.21,1.87,1,-17.777777777777782,4.58,1.8,-0.75,5.49,1.48,-0.85
195,Beverton-Holt,alpha,6.41,Ricker,0.89,0.32,1.48,1.002,-86.1154446177847,6.41,1.4,0.47,0.89,1.65,0.08
195,Beverton-Holt,b_for,0.47,Ricker,0.08,-0.4,0.6,1,-82.9787234042553,6.41,1.4,0.47,0.89,1.65,0.08
195,Beverton-Holt,sigma,1.4,Ricker,1.65,1.35,2.12,1.001,17.857142857142858,6.41,1.4,0.47,0.89,1.65,0.08
195,Beverton-Holt,alpha,6.41,Beverton-Holt,5.95,2.07,9.77,1.002,-7.176287051482059,6.41,1.4,0.47,5.95,1.47,0.41
195,Beverton-Holt,b_for,0.47,Beverton-Holt,0.41,-0.03,0.85,1,-12.765957446808512,6.41,1.4,0.47,5.95,1.47,0.41
195,Beverton-Holt,sigma,1.4,Beverton-Holt,1.47,1.2,1.85,1.002,5.000000000000004,6.41,1.4,0.47,5.95,1.47,0.41
196,Beverton-Holt,alpha,4.87,Ricker,0.46,0.26,0.66,1.001,-90.55441478439425,4.87,0.1,-0.95,0.46,0.54,-0.87
196,Beverton-Holt,b_for,-0.95,Ricker,-0.87,-1.11,-0.64,1.001,-8.421052631578943,4.87,0.1,-0.95,0.46,0.54,-0.87
196,Beverton-Holt,sigma,0.1,Ricker,0.54,0.44,0.68,1,440.00000000000006,4.87,0.1,-0.95,0.46,0.54,-0.87
196,Beverton-Holt,alpha,4.87,Beverton-Holt,6.93,4.2,9.84,1.001,42.29979466119096,4.87,0.1,-0.95,6.93,0.09,-0.96
196,Beverton-Holt,b_for,-0.95,Beverton-Holt,-0.96,-0.99,-0.94,1,1.0526315789473695,4.87,0.1,-0.95,6.93,0.09,-0.96
196,Beverton-Holt,sigma,0.1,Beverton-Holt,0.09,0.07,0.11,1.001,-10.000000000000009,4.87,0.1,-0.95,6.93,0.09,-0.96
197,Beverton-Holt,alpha,4.08,Ricker,0.73,0.15,1.41,1.002,-82.1078431372549,4.08,1.6,-0.05,0.73,1.99,-0.06
197,Beverton-Holt,b_for,-0.05,Ricker,-0.06,-0.62,0.51,1.001,19.99999999999999,4.08,1.6,-0.05,0.73,1.99,-0.06
197,Beverton-Holt,sigma,1.6,Ricker,1.99,1.62,2.5,1.001,24.374999999999993,4.08,1.6,-0.05,0.73,1.99,-0.06
197,Beverton-Holt,alpha,4.08,Beverton-Holt,6.46,2.56,9.84,1,58.333333333333336,4.08,1.6,-0.05,6.46,1.57,0.2
197,Beverton-Holt,b_for,-0.05,Beverton-Holt,0.2,-0.29,0.66,1,-500,4.08,1.6,-0.05,6.46,1.57,0.2
197,Beverton-Holt,sigma,1.6,Beverton-Holt,1.57,1.27,1.98,1,-1.8750000000000016,4.08,1.6,-0.05,6.46,1.57,0.2
200,Ricker,alpha,0.85,Ricker,0.85,0.58,1.1,1.002,0,0.85,0.5,-0.58,0.85,0.59,-0.64
200,Ricker,b_for,-0.58,Ricker,-0.64,-0.84,-0.44,1.001,10.344827586206906,0.85,0.5,-0.58,0.85,0.59,-0.64
200,Ricker,sigma,0.5,Ricker,0.59,0.48,0.75,1,17.999999999999993,0.85,0.5,-0.58,0.85,0.59,-0.64
200,Ricker,alpha,0.85,Beverton-Holt,2.31,1.1,9.23,1.004,171.76470588235296,0.85,0.5,-0.58,2.31,0.65,-0.54
200,Ricker,b_for,-0.58,Beverton-Holt,-0.54,-0.73,-0.34,1,-6.896551724137918,0.85,0.5,-0.58,2.31,0.65,-0.54
200,Ricker,sigma,0.5,Beverton-Holt,0.65,0.54,0.83,1,30.000000000000004,0.85,0.5,-0.58,2.31,0.65,-0.54
