simulation,data_model,parameter,true_value,fitting_model,estimate_mean,estimate_lower,estimate_upper,Rhat,error,alpha,sigma,b_for
1,Beverton-Holt,alpha,4.94,Ricker,0.72,0.5,0.95,1.002,-85.42510121457491,4.94,0.2,-0.58
1,Beverton-Holt,b_for,-0.58,Ricker,-0.69,-0.87,-0.51,1.001,18.96551724137931,4.94,0.2,-0.58
1,Beverton-Holt,sigma,0.2,Ricker,0.43,0.35,0.54,1.001,115,4.94,0.2,-0.58
1,Beverton-Holt,alpha,4.94,Beverton-Holt,6.51,2.89,9.87,1.01,31.78137651821861,4.94,0.2,-0.58
1,Beverton-Holt,b_for,-0.58,Beverton-Holt,-0.55,-0.62,-0.48,1.001,-5.172413793103434,4.94,0.2,-0.58
1,Beverton-Holt,sigma,0.2,Beverton-Holt,0.24,0.2,0.3,1.001,19.99999999999999,4.94,0.2,-0.58
3,Beverton-Holt,alpha,5.33,Ricker,0.57,0.12,1.07,1.002,-89.30581613508443,5.33,1.2,-0.46
3,Beverton-Holt,b_for,-0.46,Ricker,-0.7,-1.19,-0.17,1.005,52.173913043478244,5.33,1.2,-0.46
3,Beverton-Holt,sigma,1.2,Ricker,1.49,1.21,1.87,1.002,24.16666666666667,5.33,1.2,-0.46
3,Beverton-Holt,alpha,5.33,Beverton-Holt,6.65,3.04,9.8,1.001,24.765478424015015,5.33,1.2,-0.46
3,Beverton-Holt,b_for,-0.46,Beverton-Holt,-0.64,-0.94,-0.34,1,39.130434782608695,5.33,1.2,-0.46
3,Beverton-Holt,sigma,1.2,Beverton-Holt,1.02,0.82,1.27,1,-14.999999999999995,5.33,1.2,-0.46
4,Beverton-Holt,alpha,5.26,Ricker,0.9,0.49,1.31,1.001,-82.88973384030417,5.26,1,-0.18
4,Beverton-Holt,b_for,-0.18,Ricker,-0.41,-0.73,-0.09,1,127.77777777777779,5.26,1,-0.18
4,Beverton-Holt,sigma,1,Ricker,1.05,0.85,1.3,1.001,5.000000000000004,5.26,1,-0.18
4,Beverton-Holt,alpha,5.26,Beverton-Holt,6.43,2.6,9.82,1.001,22.243346007604565,5.26,1,-0.18
4,Beverton-Holt,b_for,-0.18,Beverton-Holt,-0.26,-0.52,0.01,1,44.44444444444446,5.26,1,-0.18
4,Beverton-Holt,sigma,1,Beverton-Holt,0.88,0.71,1.1,1,-12,5.26,1,-0.18
6,Beverton-Holt,alpha,6.31,Ricker,0.55,0.11,1.02,1.003,-91.28367670364501,6.31,0.8,-1.35
6,Beverton-Holt,b_for,-1.35,Ricker,-1.23,-1.78,-0.67,1.005,-8.888888888888896,6.31,0.8,-1.35
6,Beverton-Holt,sigma,0.8,Ricker,1.42,1.14,1.77,0.999,77.49999999999997,6.31,0.8,-1.35
6,Beverton-Holt,alpha,6.31,Beverton-Holt,6.51,2.87,9.82,1,3.169572107765455,6.31,0.8,-1.35
6,Beverton-Holt,b_for,-1.35,Beverton-Holt,-1.38,-1.64,-1.12,1,2.2222222222222077,6.31,0.8,-1.35
6,Beverton-Holt,sigma,0.8,Beverton-Holt,0.88,0.71,1.09,1,9.999999999999995,6.31,0.8,-1.35
8,Beverton-Holt,alpha,4.05,Ricker,0.46,0.02,1.17,1,-88.64197530864197,4.05,1.8,-2.31
8,Beverton-Holt,b_for,-2.31,Ricker,-1.06,-1.92,-0.22,1.001,-54.112554112554115,4.05,1.8,-2.31
8,Beverton-Holt,sigma,1.8,Ricker,2.86,2.3,3.63,1.001,58.88888888888888,4.05,1.8,-2.31
8,Beverton-Holt,alpha,4.05,Beverton-Holt,5.14,1.9,9.6,1.003,26.91358024691358,4.05,1.8,-2.31
8,Beverton-Holt,b_for,-2.31,Beverton-Holt,-2.02,-2.52,-1.47,1.001,-12.554112554112555,4.05,1.8,-2.31
8,Beverton-Holt,sigma,1.8,Beverton-Holt,1.71,1.36,2.16,1.001,-5.0000000000000036,4.05,1.8,-2.31
10,Beverton-Holt,alpha,4.52,Ricker,0.47,0.05,0.99,1.001,-89.60176991150443,4.52,1.3,-1.05
10,Beverton-Holt,b_for,-1.05,Ricker,-0.74,-1.3,-0.18,1,-29.52380952380953,4.52,1.3,-1.05
10,Beverton-Holt,sigma,1.3,Ricker,1.83,1.49,2.28,1.001,40.76923076923077,4.52,1.3,-1.05
10,Beverton-Holt,alpha,4.52,Beverton-Holt,5.78,2.27,9.68,1.001,27.876106194690284,4.52,1.3,-1.05
10,Beverton-Holt,b_for,-1.05,Beverton-Holt,-1.05,-1.42,-0.67,1,-0,4.52,1.3,-1.05
10,Beverton-Holt,sigma,1.3,Beverton-Holt,1.29,1.05,1.62,1.001,-0.7692307692307699,4.52,1.3,-1.05
11,Beverton-Holt,alpha,5.74,Ricker,1.06,0.65,1.47,1.001,-81.53310104529616,5.74,0.8,0.25
11,Beverton-Holt,b_for,0.25,Ricker,0.11,-0.16,0.39,1,-56.00000000000001,5.74,0.8,0.25
11,Beverton-Holt,sigma,0.8,Ricker,0.91,0.73,1.13,1.002,13.749999999999996,5.74,0.8,0.25
11,Beverton-Holt,alpha,5.74,Beverton-Holt,6.18,2.38,9.81,1,7.665505226480827,5.74,0.8,0.25
11,Beverton-Holt,b_for,0.25,Beverton-Holt,0.15,-0.09,0.38,1.001,-40,5.74,0.8,0.25
11,Beverton-Holt,sigma,0.8,Beverton-Holt,0.8,0.65,0.99,1,0,5.74,0.8,0.25
13,Beverton-Holt,alpha,5.42,Ricker,0.37,0.03,0.84,1.002,-93.17343173431735,5.42,1.4,1.15
13,Beverton-Holt,b_for,1.15,Ricker,0.21,-0.25,0.68,1.001,-81.73913043478261,5.42,1.4,1.15
13,Beverton-Holt,sigma,1.4,Ricker,1.59,1.29,1.98,1.001,13.571428571428585,5.42,1.4,1.15
13,Beverton-Holt,alpha,5.42,Beverton-Holt,6.87,2.8,9.84,1.004,26.75276752767528,5.42,1.4,1.15
13,Beverton-Holt,b_for,1.15,Beverton-Holt,1.34,0.89,1.72,1.002,16.5217391304348,5.42,1.4,1.15
13,Beverton-Holt,sigma,1.4,Beverton-Holt,1.25,1,1.57,1.001,-10.714285714285708,5.42,1.4,1.15
14,Beverton-Holt,alpha,5.71,Ricker,0.32,0.02,0.72,1.001,-94.39579684763572,5.71,0.7,-1.45
14,Beverton-Holt,b_for,-1.45,Ricker,-0.82,-1.28,-0.35,1.003,-43.44827586206897,5.71,0.7,-1.45
14,Beverton-Holt,sigma,0.7,Ricker,1.38,1.11,1.72,1.001,97.14285714285715,5.71,0.7,-1.45
14,Beverton-Holt,alpha,5.71,Beverton-Holt,6.81,3.17,9.85,1,19.264448336252183,5.71,0.7,-1.45
14,Beverton-Holt,b_for,-1.45,Beverton-Holt,-1.4,-1.62,-1.18,1,-3.448275862068969,5.71,0.7,-1.45
14,Beverton-Holt,sigma,0.7,Beverton-Holt,0.74,0.6,0.92,1.001,5.71428571428572,5.71,0.7,-1.45
17,Beverton-Holt,alpha,4.52,Ricker,0.84,0.24,1.47,1.001,-81.41592920353983,4.52,1.8,0.15
17,Beverton-Holt,b_for,0.15,Ricker,-0.15,-0.68,0.37,1.001,-200,4.52,1.8,0.15
17,Beverton-Holt,sigma,1.8,Ricker,1.82,1.48,2.3,1,1.111111111111112,4.52,1.8,0.15
17,Beverton-Holt,alpha,4.52,Beverton-Holt,5.54,1.94,9.7,1.001,22.56637168141594,4.52,1.8,0.15
17,Beverton-Holt,b_for,0.15,Beverton-Holt,-0.18,-0.62,0.25,1,-219.99999999999997,4.52,1.8,0.15
17,Beverton-Holt,sigma,1.8,Beverton-Holt,1.49,1.2,1.87,1.002,-17.222222222222225,4.52,1.8,0.15
18,Beverton-Holt,alpha,5.51,Ricker,0.6,0.06,1.24,1.002,-89.11070780399274,5.51,1.6,0.08
18,Beverton-Holt,b_for,0.08,Ricker,-0.17,-0.76,0.43,1,-312.5,5.51,1.6,0.08
18,Beverton-Holt,sigma,1.6,Ricker,2.07,1.69,2.58,1,29.374999999999982,5.51,1.6,0.08
18,Beverton-Holt,alpha,5.51,Beverton-Holt,6.43,2.62,9.81,1,16.696914700544465,5.51,1.6,0.08
18,Beverton-Holt,b_for,0.08,Beverton-Holt,0.17,-0.29,0.63,1.001,112.50000000000001,5.51,1.6,0.08
18,Beverton-Holt,sigma,1.6,Beverton-Holt,1.59,1.27,2,1,-0.6250000000000006,5.51,1.6,0.08
21,Beverton-Holt,alpha,5.9,Ricker,0.59,0.07,1.23,1.002,-90,5.9,1.9,-0.26
21,Beverton-Holt,b_for,-0.26,Ricker,-0.2,-0.8,0.39,1,-23.076923076923077,5.9,1.9,-0.26
21,Beverton-Holt,sigma,1.9,Ricker,2.07,1.68,2.6,1.001,8.947368421052628,5.9,1.9,-0.26
21,Beverton-Holt,alpha,5.9,Beverton-Holt,5.26,1.39,9.72,1.002,-10.847457627118652,5.9,1.9,-0.26
21,Beverton-Holt,b_for,-0.26,Beverton-Holt,-0.29,-0.77,0.2,1,11.538461538461528,5.9,1.9,-0.26
21,Beverton-Holt,sigma,1.9,Beverton-Holt,1.71,1.38,2.14,1.002,-9.999999999999996,5.9,1.9,-0.26
22,Beverton-Holt,alpha,4.99,Ricker,0.7,0.16,1.26,1.002,-85.97194388777555,4.99,1.3,-0.2
22,Beverton-Holt,b_for,-0.2,Ricker,-0.24,-0.74,0.25,1.001,19.99999999999999,4.99,1.3,-0.2
22,Beverton-Holt,sigma,1.3,Ricker,1.72,1.39,2.18,1,32.3076923076923,4.99,1.3,-0.2
22,Beverton-Holt,alpha,4.99,Beverton-Holt,4.6,1.13,9.71,1.001,-7.815631262525061,4.99,1.3,-0.2
22,Beverton-Holt,b_for,-0.2,Beverton-Holt,-0.18,-0.64,0.28,1,-10.000000000000009,4.99,1.3,-0.2
22,Beverton-Holt,sigma,1.3,Beverton-Holt,1.59,1.28,1.99,1.001,22.30769230769231,4.99,1.3,-0.2
23,Beverton-Holt,alpha,5.1,Ricker,0.96,0.29,1.66,1.002,-81.17647058823529,5.1,1.4,-0.2
23,Beverton-Holt,b_for,-0.2,Ricker,-0.38,-0.94,0.18,1,90,5.1,1.4,-0.2
23,Beverton-Holt,sigma,1.4,Ricker,1.96,1.58,2.46,1.001,40.00000000000001,5.1,1.4,-0.2
23,Beverton-Holt,alpha,5.1,Beverton-Holt,6.29,2.39,9.78,1,23.333333333333343,5.1,1.4,-0.2
23,Beverton-Holt,b_for,-0.2,Beverton-Holt,-0.28,-0.74,0.18,1,40.00000000000001,5.1,1.4,-0.2
23,Beverton-Holt,sigma,1.4,Beverton-Holt,1.59,1.29,2,1.001,13.571428571428585,5.1,1.4,-0.2
24,Beverton-Holt,alpha,6.83,Ricker,0.93,0.56,1.32,1.001,-86.3836017569546,6.83,0.7,-0.63
24,Beverton-Holt,b_for,-0.63,Ricker,-0.94,-1.28,-0.59,1.001,49.206349206349195,6.83,0.7,-0.63
24,Beverton-Holt,sigma,0.7,Ricker,0.89,0.72,1.11,1,27.142857142857153,6.83,0.7,-0.63
24,Beverton-Holt,alpha,6.83,Beverton-Holt,6.76,3.25,9.81,1,-1.0248901903367538,6.83,0.7,-0.63
24,Beverton-Holt,b_for,-0.63,Beverton-Holt,-0.64,-0.83,-0.45,1,1.5873015873015888,6.83,0.7,-0.63
24,Beverton-Holt,sigma,0.7,Beverton-Holt,0.64,0.52,0.8,1.001,-8.571428571428564,6.83,0.7,-0.63
26,Beverton-Holt,alpha,4.76,Ricker,0.52,0.11,0.93,1.002,-89.07563025210085,4.76,1.1,-0.98
26,Beverton-Holt,b_for,-0.98,Ricker,-0.73,-1.16,-0.32,1.001,-25.510204081632654,4.76,1.1,-0.98
26,Beverton-Holt,sigma,1.1,Ricker,1.2,0.97,1.5,1.002,9.090909090909078,4.76,1.1,-0.98
26,Beverton-Holt,alpha,4.76,Beverton-Holt,5.35,1.51,9.76,1.002,12.394957983193274,4.76,1.1,-0.98
26,Beverton-Holt,b_for,-0.98,Beverton-Holt,-0.74,-1.02,-0.45,1.001,-24.489795918367346,4.76,1.1,-0.98
26,Beverton-Holt,sigma,1.1,Beverton-Holt,0.92,0.74,1.15,1.001,-16.363636363636367,4.76,1.1,-0.98
29,Beverton-Holt,alpha,6.48,Ricker,0.29,0.04,0.57,1.002,-95.52469135802468,6.48,0.1,-1.61
29,Beverton-Holt,b_for,-1.61,Ricker,-0.93,-1.28,-0.54,1.003,-42.2360248447205,6.48,0.1,-1.61
29,Beverton-Holt,sigma,0.1,Ricker,0.91,0.74,1.14,1,810,6.48,0.1,-1.61
29,Beverton-Holt,alpha,6.48,Beverton-Holt,7.05,4.09,9.84,1.001,8.796296296296287,6.48,0.1,-1.61
29,Beverton-Holt,b_for,-1.61,Beverton-Holt,-1.63,-1.68,-1.59,1.001,1.2422360248447077,6.48,0.1,-1.61
29,Beverton-Holt,sigma,0.1,Beverton-Holt,0.14,0.11,0.17,1.003,40.00000000000001,6.48,0.1,-1.61
31,Beverton-Holt,alpha,6.24,Ricker,0.89,0.37,1.42,1.002,-85.73717948717949,6.24,1,0.11
31,Beverton-Holt,b_for,0.11,Ricker,-0.11,-0.43,0.21,1,-200,6.24,1,0.11
31,Beverton-Holt,sigma,1,Ricker,1.08,0.88,1.35,1.001,8.000000000000007,6.24,1,0.11
31,Beverton-Holt,alpha,6.24,Beverton-Holt,5.45,1.49,9.8,1.002,-12.66025641025641,6.24,1,0.11
31,Beverton-Holt,b_for,0.11,Beverton-Holt,-0.05,-0.34,0.23,1,-145.45454545454547,6.24,1,0.11
31,Beverton-Holt,sigma,1,Beverton-Holt,0.97,0.79,1.21,1.001,-3.0000000000000027,6.24,1,0.11
32,Beverton-Holt,alpha,5.96,Ricker,0.92,0.42,1.4,1.001,-84.56375838926175,5.96,1,0.64
32,Beverton-Holt,b_for,0.64,Ricker,0.13,-0.21,0.47,1.001,-79.6875,5.96,1,0.64
32,Beverton-Holt,sigma,1,Ricker,1.12,0.9,1.41,1,12.00000000000001,5.96,1,0.64
32,Beverton-Holt,alpha,5.96,Beverton-Holt,6.49,2.44,9.83,1.002,8.892617449664435,5.96,1,0.64
32,Beverton-Holt,b_for,0.64,Beverton-Holt,0.37,0.07,0.66,1.002,-42.1875,5.96,1,0.64
32,Beverton-Holt,sigma,1,Beverton-Holt,0.97,0.78,1.22,1.001,-3.0000000000000027,5.96,1,0.64
34,Beverton-Holt,alpha,6.56,Ricker,0.4,0.03,0.92,1.006,-93.90243902439023,6.56,1.3,-1.11
34,Beverton-Holt,b_for,-1.11,Ricker,-0.69,-1.23,-0.13,1.004,-37.837837837837846,6.56,1.3,-1.11
34,Beverton-Holt,sigma,1.3,Ricker,1.62,1.31,2.02,1.002,24.61538461538462,6.56,1.3,-1.11
34,Beverton-Holt,alpha,6.56,Beverton-Holt,6.55,2.95,9.78,1.002,-0.15243902439024065,6.56,1.3,-1.11
34,Beverton-Holt,b_for,-1.11,Beverton-Holt,-1.17,-1.49,-0.84,1,5.40540540540539,6.56,1.3,-1.11
34,Beverton-Holt,sigma,1.3,Beverton-Holt,1.1,0.89,1.37,1.001,-15.384615384615381,6.56,1.3,-1.11
35,Beverton-Holt,alpha,4.04,Ricker,0.52,0.19,0.88,1.001,-87.12871287128714,4.04,0.5,-1.19
35,Beverton-Holt,b_for,-1.19,Ricker,-1.08,-1.51,-0.68,1.001,-9.243697478991587,4.04,0.5,-1.19
35,Beverton-Holt,sigma,0.5,Ricker,1.01,0.81,1.27,1.001,102,4.04,0.5,-1.19
35,Beverton-Holt,alpha,4.04,Beverton-Holt,5.64,2.17,9.78,1.001,39.6039603960396,4.04,0.5,-1.19
35,Beverton-Holt,b_for,-1.19,Beverton-Holt,-1.23,-1.42,-1.05,1.001,3.361344537815129,4.04,0.5,-1.19
35,Beverton-Holt,sigma,0.5,Beverton-Holt,0.61,0.49,0.77,1,21.999999999999996,4.04,0.5,-1.19
36,Beverton-Holt,alpha,4.61,Ricker,0.93,0.56,1.3,1.005,-79.82646420824294,4.61,0.5,0.39
36,Beverton-Holt,b_for,0.39,Ricker,0.14,-0.06,0.34,1.003,-64.1025641025641,4.61,0.5,0.39
36,Beverton-Holt,sigma,0.5,Ricker,0.6,0.49,0.76,1.002,19.999999999999996,4.61,0.5,0.39
36,Beverton-Holt,alpha,4.61,Beverton-Holt,6.52,2.73,9.83,1,41.43167028199564,4.61,0.5,0.39
36,Beverton-Holt,b_for,0.39,Beverton-Holt,0.31,0.15,0.46,1,-20.512820512820518,4.61,0.5,0.39
36,Beverton-Holt,sigma,0.5,Beverton-Holt,0.51,0.41,0.64,1.002,2.0000000000000018,4.61,0.5,0.39
39,Beverton-Holt,alpha,4.38,Ricker,1.28,1.02,1.54,1.001,-70.77625570776254,4.38,0.2,-0.16
39,Beverton-Holt,b_for,-0.16,Ricker,-0.35,-0.45,-0.26,1,118.74999999999997,4.38,0.2,-0.16
39,Beverton-Holt,sigma,0.2,Ricker,0.29,0.24,0.36,1,44.99999999999998,4.38,0.2,-0.16
39,Beverton-Holt,alpha,4.38,Beverton-Holt,6.93,3.51,9.86,1.002,58.219178082191775,4.38,0.2,-0.16
39,Beverton-Holt,b_for,-0.16,Beverton-Holt,-0.17,-0.24,-0.11,1.001,6.250000000000005,4.38,0.2,-0.16
39,Beverton-Holt,sigma,0.2,Beverton-Holt,0.22,0.18,0.27,1,9.999999999999995,4.38,0.2,-0.16
41,Beverton-Holt,alpha,3.86,Ricker,0.61,0.25,0.96,1.002,-84.19689119170985,3.86,0.8,0.76
41,Beverton-Holt,b_for,0.76,Ricker,0.2,-0.07,0.46,1.002,-73.6842105263158,3.86,0.8,0.76
41,Beverton-Holt,sigma,0.8,Ricker,0.79,0.64,0.99,1.004,-1.250000000000001,3.86,0.8,0.76
41,Beverton-Holt,alpha,3.86,Beverton-Holt,4.92,1.2,9.75,1.004,27.46113989637306,3.86,0.8,0.76
41,Beverton-Holt,b_for,0.76,Beverton-Holt,0.59,0.26,0.84,1.005,-22.368421052631582,3.86,0.8,0.76
41,Beverton-Holt,sigma,0.8,Beverton-Holt,0.7,0.57,0.88,1.002,-12.50000000000001,3.86,0.8,0.76
43,Beverton-Holt,alpha,7.25,Ricker,0.61,0.07,1.25,1.003,-91.58620689655173,7.25,1.3,-0.54
43,Beverton-Holt,b_for,-0.54,Ricker,-0.51,-1.07,0.06,1.003,-5.55555555555556,7.25,1.3,-0.54
43,Beverton-Holt,sigma,1.3,Ricker,1.95,1.58,2.43,1.001,49.999999999999986,7.25,1.3,-0.54
43,Beverton-Holt,alpha,7.25,Beverton-Holt,6.97,3.48,9.85,1,-3.8620689655172447,7.25,1.3,-0.54
43,Beverton-Holt,b_for,-0.54,Beverton-Holt,-0.69,-1.08,-0.29,0.999,27.77777777777776,7.25,1.3,-0.54
43,Beverton-Holt,sigma,1.3,Beverton-Holt,1.36,1.1,1.71,1,4.615384615384619,7.25,1.3,-0.54
44,Beverton-Holt,alpha,6.92,Ricker,0.67,0.32,1.02,1.003,-90.31791907514452,6.92,0.9,0.11
44,Beverton-Holt,b_for,0.11,Ricker,-0.03,-0.25,0.21,1,-127.2727272727273,6.92,0.9,0.11
44,Beverton-Holt,sigma,0.9,Ricker,0.76,0.62,0.95,1.001,-15.555555555555557,6.92,0.9,0.11
44,Beverton-Holt,alpha,6.92,Beverton-Holt,4.82,1.25,9.63,1.004,-30.346820809248552,6.92,0.9,0.11
44,Beverton-Holt,b_for,0.11,Beverton-Holt,0.17,-0.08,0.38,1.001,54.545454545454554,6.92,0.9,0.11
44,Beverton-Holt,sigma,0.9,Beverton-Holt,0.7,0.56,0.87,1.001,-22.22222222222223,6.92,0.9,0.11
45,Beverton-Holt,alpha,6.02,Ricker,0.39,0.05,0.82,1.001,-93.52159468438539,6.02,1.2,0.55
45,Beverton-Holt,b_for,0.55,Ricker,-0.1,-0.5,0.29,1.002,-118.18181818181817,6.02,1.2,0.55
45,Beverton-Holt,sigma,1.2,Ricker,1.32,1.07,1.65,1,10.000000000000009,6.02,1.2,0.55
45,Beverton-Holt,alpha,6.02,Beverton-Holt,3.4,0.51,9.46,1.002,-43.52159468438538,6.02,1.2,0.55
45,Beverton-Holt,b_for,0.55,Beverton-Holt,0.23,-0.22,0.64,1.007,-58.18181818181819,6.02,1.2,0.55
45,Beverton-Holt,sigma,1.2,Beverton-Holt,1.23,1,1.54,1.005,2.500000000000002,6.02,1.2,0.55
46,Beverton-Holt,alpha,4.92,Ricker,0.5,0.14,0.87,1.002,-89.83739837398375,4.92,0.7,-1.01
46,Beverton-Holt,b_for,-1.01,Ricker,-1,-1.41,-0.59,1.001,-0.990099009900991,4.92,0.7,-1.01
46,Beverton-Holt,sigma,0.7,Ricker,1.14,0.92,1.43,1.001,62.857142857142854,4.92,0.7,-1.01
46,Beverton-Holt,alpha,4.92,Beverton-Holt,6.4,2.61,9.83,1,30.08130081300814,4.92,0.7,-1.01
46,Beverton-Holt,b_for,-1.01,Beverton-Holt,-1.12,-1.33,-0.9,1,10.8910891089109,4.92,0.7,-1.01
46,Beverton-Holt,sigma,0.7,Beverton-Holt,0.73,0.59,0.91,1.001,4.28571428571429,4.92,0.7,-1.01
47,Beverton-Holt,alpha,5.3,Ricker,0.64,0.32,0.96,1.027,-87.9245283018868,5.3,0.2,0.52
47,Beverton-Holt,b_for,0.52,Ricker,0.16,0.01,0.3,1.024,-69.23076923076923,5.3,0.2,0.52
47,Beverton-Holt,sigma,0.2,Ricker,0.28,0.23,0.36,1.001,40.00000000000001,5.3,0.2,0.52
47,Beverton-Holt,alpha,5.3,Beverton-Holt,6.8,3.3,9.8,1.002,28.30188679245283,5.3,0.2,0.52
47,Beverton-Holt,b_for,0.52,Beverton-Holt,0.54,0.47,0.61,1,3.8461538461538494,5.3,0.2,0.52
47,Beverton-Holt,sigma,0.2,Beverton-Holt,0.21,0.17,0.26,1,4.99999999999999,5.3,0.2,0.52
48,Beverton-Holt,alpha,4.85,Ricker,0.88,0.29,1.47,1.002,-81.85567010309279,4.85,1.4,-0.39
48,Beverton-Holt,b_for,-0.39,Ricker,-0.24,-0.68,0.19,1,-38.46153846153847,4.85,1.4,-0.39
48,Beverton-Holt,sigma,1.4,Ricker,1.51,1.21,1.89,1.002,7.857142857142866,4.85,1.4,-0.39
48,Beverton-Holt,alpha,4.85,Beverton-Holt,2.57,0.82,8.35,1.002,-47.01030927835051,4.85,1.4,-0.39
48,Beverton-Holt,b_for,-0.39,Beverton-Holt,-0.21,-0.62,0.21,1,-46.15384615384616,4.85,1.4,-0.39
48,Beverton-Holt,sigma,1.4,Beverton-Holt,1.45,1.17,1.82,1.001,3.5714285714285747,4.85,1.4,-0.39
49,Beverton-Holt,alpha,4.8,Ricker,0.41,0.21,0.62,1.001,-91.45833333333333,4.8,0.2,-0.93
49,Beverton-Holt,b_for,-0.93,Ricker,-0.79,-1.02,-0.56,1.003,-15.053763440860216,4.8,0.2,-0.93
49,Beverton-Holt,sigma,0.2,Ricker,0.55,0.45,0.69,1,175,4.8,0.2,-0.93
49,Beverton-Holt,alpha,4.8,Beverton-Holt,6.68,3.69,9.82,1.006,39.16666666666667,4.8,0.2,-0.93
49,Beverton-Holt,b_for,-0.93,Beverton-Holt,-0.95,-0.98,-0.91,1.001,2.150537634408592,4.8,0.2,-0.93
49,Beverton-Holt,sigma,0.2,Beverton-Holt,0.12,0.1,0.15,1.001,-40.00000000000001,4.8,0.2,-0.93
52,Beverton-Holt,alpha,6.87,Ricker,0.7,0.34,1.08,1.002,-89.81077147016012,6.87,0.9,-1.01
52,Beverton-Holt,b_for,-1.01,Ricker,-1,-1.37,-0.62,1.001,-0.990099009900991,6.87,0.9,-1.01
52,Beverton-Holt,sigma,0.9,Ricker,0.99,0.8,1.24,1.002,9.999999999999996,6.87,0.9,-1.01
52,Beverton-Holt,alpha,6.87,Beverton-Holt,5.06,1.56,9.72,1.003,-26.346433770014563,6.87,0.9,-1.01
52,Beverton-Holt,b_for,-1.01,Beverton-Holt,-0.81,-1.05,-0.57,1.001,-19.8019801980198,6.87,0.9,-1.01
52,Beverton-Holt,sigma,0.9,Beverton-Holt,0.81,0.65,1.01,1.003,-9.999999999999996,6.87,0.9,-1.01
54,Beverton-Holt,alpha,6.42,Ricker,0.81,0.24,1.39,1.001,-87.38317757009347,6.42,1.2,0.41
54,Beverton-Holt,b_for,0.41,Ricker,0.24,-0.23,0.72,1.001,-41.463414634146346,6.42,1.2,0.41
54,Beverton-Holt,sigma,1.2,Ricker,1.51,1.21,1.9,1.003,25.83333333333334,6.42,1.2,0.41
54,Beverton-Holt,alpha,6.42,Beverton-Holt,5.56,1.96,9.68,1,-13.395638629283493,6.42,1.2,0.41
54,Beverton-Holt,b_for,0.41,Beverton-Holt,0.49,0.1,0.86,1.001,19.512195121951226,6.42,1.2,0.41
54,Beverton-Holt,sigma,1.2,Beverton-Holt,1.25,1.02,1.57,1,4.1666666666666705,6.42,1.2,0.41
56,Beverton-Holt,alpha,6.71,Ricker,0.57,0.31,0.83,1.004,-91.50521609538004,6.71,0.2,0.82
56,Beverton-Holt,b_for,0.82,Ricker,0.19,0.04,0.33,1.003,-76.82926829268291,6.71,0.2,0.82
56,Beverton-Holt,sigma,0.2,Ricker,0.29,0.23,0.36,1.002,44.99999999999998,6.71,0.2,0.82
56,Beverton-Holt,alpha,6.71,Beverton-Holt,7.19,3.76,9.86,1.016,7.153502235469455,6.71,0.2,0.82
56,Beverton-Holt,b_for,0.82,Beverton-Holt,0.78,0.71,0.85,1.029,-4.878048780487796,6.71,0.2,0.82
56,Beverton-Holt,sigma,0.2,Beverton-Holt,0.19,0.15,0.24,1.006,-5.000000000000004,6.71,0.2,0.82
57,Beverton-Holt,alpha,7.64,Ricker,1.08,0.38,1.85,1.001,-85.86387434554975,7.64,1.2,0.93
57,Beverton-Holt,b_for,0.93,Ricker,0.39,-0.23,1.02,1.004,-58.064516129032256,7.64,1.2,0.93
57,Beverton-Holt,sigma,1.2,Ricker,1.92,1.55,2.41,1.001,60,7.64,1.2,0.93
57,Beverton-Holt,alpha,7.64,Beverton-Holt,6.95,3.35,9.83,1.001,-9.031413612565437,7.64,1.2,0.93
57,Beverton-Holt,b_for,0.93,Beverton-Holt,0.75,0.32,1.17,1,-19.354838709677423,7.64,1.2,0.93
57,Beverton-Holt,sigma,1.2,Beverton-Holt,1.42,1.15,1.77,1,18.333333333333332,7.64,1.2,0.93
58,Beverton-Holt,alpha,5.43,Ricker,0.97,0.54,1.44,1,-82.13627992633518,5.43,0.9,0.38
58,Beverton-Holt,b_for,0.38,Ricker,0.33,0,0.66,1.003,-13.157894736842103,5.43,0.9,0.38
58,Beverton-Holt,sigma,0.9,Ricker,1.06,0.86,1.33,1.001,17.777777777777782,5.43,0.9,0.38
58,Beverton-Holt,alpha,5.43,Beverton-Holt,5.95,2.1,9.76,1.002,9.576427255985275,5.43,0.9,0.38
58,Beverton-Holt,b_for,0.38,Beverton-Holt,0.7,0.37,0.99,1.002,84.21052631578947,5.43,0.9,0.38
58,Beverton-Holt,sigma,0.9,Beverton-Holt,0.94,0.76,1.18,1,4.444444444444436,5.43,0.9,0.38
59,Beverton-Holt,alpha,4.72,Ricker,0.5,0.28,0.73,1.002,-89.40677966101696,4.72,0.2,-0.86
59,Beverton-Holt,b_for,-0.86,Ricker,-0.89,-1.15,-0.64,1.004,3.488372093023259,4.72,0.2,-0.86
59,Beverton-Holt,sigma,0.2,Ricker,0.6,0.48,0.74,1.001,200,4.72,0.2,-0.86
59,Beverton-Holt,alpha,4.72,Beverton-Holt,7.3,4.15,9.89,1.001,54.66101694915255,4.72,0.2,-0.86
59,Beverton-Holt,b_for,-0.86,Beverton-Holt,-0.84,-0.91,-0.78,1,-2.325581395348839,4.72,0.2,-0.86
59,Beverton-Holt,sigma,0.2,Beverton-Holt,0.22,0.18,0.28,1.002,9.999999999999995,4.72,0.2,-0.86
60,Beverton-Holt,alpha,6.38,Ricker,1.07,0.55,1.62,1.002,-83.22884012539186,6.38,1.6,-0.44
60,Beverton-Holt,b_for,-0.44,Ricker,-0.07,-0.46,0.32,1.002,-84.0909090909091,6.38,1.6,-0.44
60,Beverton-Holt,sigma,1.6,Ricker,1.35,1.09,1.71,1,-15.625,6.38,1.6,-0.44
60,Beverton-Holt,alpha,6.38,Beverton-Holt,6.34,2.51,9.81,1.002,-0.6269592476489034,6.38,1.6,-0.44
60,Beverton-Holt,b_for,-0.44,Beverton-Holt,-0.15,-0.49,0.2,0.999,-65.90909090909092,6.38,1.6,-0.44
60,Beverton-Holt,sigma,1.6,Beverton-Holt,1.2,0.98,1.5,1.002,-25.000000000000007,6.38,1.6,-0.44
61,Beverton-Holt,alpha,4.41,Ricker,0.79,0.2,1.38,1,-82.08616780045351,4.41,1.2,0.14
61,Beverton-Holt,b_for,0.14,Ricker,0.04,-0.44,0.52,1,-71.42857142857142,4.41,1.2,0.14
61,Beverton-Holt,sigma,1.2,Ricker,1.67,1.36,2.08,1,39.16666666666667,4.41,1.2,0.14
61,Beverton-Holt,alpha,4.41,Beverton-Holt,5.02,1.44,9.65,1.001,13.832199546485247,4.41,1.2,0.14
61,Beverton-Holt,b_for,0.14,Beverton-Holt,-0,-0.45,0.45,1.001,-100,4.41,1.2,0.14
61,Beverton-Holt,sigma,1.2,Beverton-Holt,1.49,1.21,1.85,1,24.16666666666667,4.41,1.2,0.14
63,Beverton-Holt,alpha,7.02,Ricker,0.44,0.03,1.06,1.001,-93.73219373219372,7.02,1.1,-2.45
63,Beverton-Holt,b_for,-2.45,Ricker,-1.14,-1.84,-0.42,1.001,-53.46938775510205,7.02,1.1,-2.45
63,Beverton-Holt,sigma,1.1,Ricker,2.3,1.86,2.88,1,109.09090909090905,7.02,1.1,-2.45
63,Beverton-Holt,alpha,7.02,Beverton-Holt,6.68,3.22,9.83,1.002,-4.843304843304842,7.02,1.1,-2.45
63,Beverton-Holt,b_for,-2.45,Beverton-Holt,-2.34,-2.74,-1.92,1.001,-4.48979591836736,7.02,1.1,-2.45
63,Beverton-Holt,sigma,1.1,Beverton-Holt,1.38,1.11,1.73,1.001,25.454545454545432,7.02,1.1,-2.45
66,Beverton-Holt,alpha,4.79,Ricker,1.05,0.65,1.46,1.001,-78.07933194154488,4.79,0.9,-0.5
66,Beverton-Holt,b_for,-0.5,Ricker,-0.67,-1.01,-0.34,1.001,34.00000000000001,4.79,0.9,-0.5
66,Beverton-Holt,sigma,0.9,Ricker,1,0.81,1.26,1.002,11.111111111111109,4.79,0.9,-0.5
66,Beverton-Holt,alpha,4.79,Beverton-Holt,6.57,2.76,9.84,1.001,37.16075156576201,4.79,0.9,-0.5
66,Beverton-Holt,b_for,-0.5,Beverton-Holt,-0.33,-0.58,-0.08,1,-34,4.79,0.9,-0.5
66,Beverton-Holt,sigma,0.9,Beverton-Holt,0.87,0.71,1.09,1.001,-3.333333333333336,4.79,0.9,-0.5
67,Beverton-Holt,alpha,4.36,Ricker,0.45,0.09,0.87,1.001,-89.6788990825688,4.36,0.8,-1.01
67,Beverton-Holt,b_for,-1.01,Ricker,-0.99,-1.48,-0.53,1.001,-1.980198019801982,4.36,0.8,-1.01
67,Beverton-Holt,sigma,0.8,Ricker,1.31,1.06,1.64,1.003,63.75,4.36,0.8,-1.01
67,Beverton-Holt,alpha,4.36,Beverton-Holt,6.68,2.95,9.83,1,53.21100917431191,4.36,0.8,-1.01
67,Beverton-Holt,b_for,-1.01,Beverton-Holt,-1.06,-1.29,-0.82,1.001,4.950495049504955,4.36,0.8,-1.01
67,Beverton-Holt,sigma,0.8,Beverton-Holt,0.79,0.64,0.98,1.001,-1.250000000000001,4.36,0.8,-1.01
68,Beverton-Holt,alpha,6.59,Ricker,1.28,0.95,1.6,1.001,-80.57663125948407,6.59,0.5,-0.4
68,Beverton-Holt,b_for,-0.4,Ricker,-0.68,-0.86,-0.49,1.002,70,6.59,0.5,-0.4
68,Beverton-Holt,sigma,0.5,Ricker,0.51,0.41,0.64,1.002,2.0000000000000018,6.59,0.5,-0.4
68,Beverton-Holt,alpha,6.59,Beverton-Holt,6.61,3.02,9.78,1,0.30349013657056845,6.59,0.5,-0.4
68,Beverton-Holt,b_for,-0.4,Beverton-Holt,-0.38,-0.51,-0.25,1,-5.000000000000004,6.59,0.5,-0.4
68,Beverton-Holt,sigma,0.5,Beverton-Holt,0.45,0.36,0.56,1.001,-9.999999999999998,6.59,0.5,-0.4
69,Beverton-Holt,alpha,5.27,Ricker,0.54,0.04,1.24,1.002,-89.75332068311195,5.27,1.8,-0.14
69,Beverton-Holt,b_for,-0.14,Ricker,-0.29,-0.96,0.39,1,107.14285714285711,5.27,1.8,-0.14
69,Beverton-Holt,sigma,1.8,Ricker,2.5,2.02,3.12,1.001,38.888888888888886,5.27,1.8,-0.14
69,Beverton-Holt,alpha,5.27,Beverton-Holt,6.38,2.43,9.84,1.001,21.062618595825434,5.27,1.8,-0.14
69,Beverton-Holt,b_for,-0.14,Beverton-Holt,-0.61,-1.14,-0.09,1.001,335.71428571428567,5.27,1.8,-0.14
69,Beverton-Holt,sigma,1.8,Beverton-Holt,1.79,1.45,2.24,1.001,-0.555555555555556,5.27,1.8,-0.14
71,Beverton-Holt,alpha,3.57,Ricker,0.46,0.18,0.73,1.002,-87.11484593837535,3.57,0.6,-0.73
71,Beverton-Holt,b_for,-0.73,Ricker,-0.65,-0.92,-0.36,1.002,-10.958904109589037,3.57,0.6,-0.73
71,Beverton-Holt,sigma,0.6,Ricker,0.73,0.59,0.92,1.002,21.666666666666668,3.57,0.6,-0.73
71,Beverton-Holt,alpha,3.57,Beverton-Holt,4.91,1.79,9.63,1.003,37.53501400560225,3.57,0.6,-0.73
71,Beverton-Holt,b_for,-0.73,Beverton-Holt,-0.67,-0.82,-0.52,0.999,-8.219178082191775,3.57,0.6,-0.73
71,Beverton-Holt,sigma,0.6,Beverton-Holt,0.51,0.41,0.63,1.001,-14.999999999999995,3.57,0.6,-0.73
76,Beverton-Holt,alpha,5.07,Ricker,0.96,0.62,1.33,1.001,-81.06508875739645,5.07,0.2,0.9
76,Beverton-Holt,b_for,0.9,Ricker,0.4,0.2,0.6,1.002,-55.55555555555556,5.07,0.2,0.9
76,Beverton-Holt,sigma,0.2,Ricker,0.37,0.3,0.47,1.001,85,5.07,0.2,0.9
76,Beverton-Holt,alpha,5.07,Beverton-Holt,6.08,2.94,9.75,1.017,19.921104536489146,5.07,0.2,0.9
76,Beverton-Holt,b_for,0.9,Beverton-Holt,0.89,0.74,0.99,1.028,-1.111111111111112,5.07,0.2,0.9
76,Beverton-Holt,sigma,0.2,Beverton-Holt,0.26,0.21,0.31,1.008,30,5.07,0.2,0.9
81,Beverton-Holt,alpha,3.94,Ricker,0.56,0.05,1.22,1.001,-85.78680203045685,3.94,1.6,0.58
81,Beverton-Holt,b_for,0.58,Ricker,0.09,-0.56,0.73,1.002,-84.48275862068967,3.94,1.6,0.58
81,Beverton-Holt,sigma,1.6,Ricker,2.28,1.85,2.84,1.001,42.49999999999998,3.94,1.6,0.58
81,Beverton-Holt,alpha,3.94,Beverton-Holt,6.41,2.63,9.82,1.001,62.69035532994925,3.94,1.6,0.58
81,Beverton-Holt,b_for,0.58,Beverton-Holt,0.48,-0.04,1,1.001,-17.241379310344826,3.94,1.6,0.58
81,Beverton-Holt,sigma,1.6,Beverton-Holt,1.71,1.39,2.14,1.001,6.874999999999992,3.94,1.6,0.58
82,Beverton-Holt,alpha,7.47,Ricker,0.93,0.28,1.6,1.001,-87.55020080321286,7.47,1.6,-0.06
82,Beverton-Holt,b_for,-0.06,Ricker,0.01,-0.55,0.56,1,-116.66666666666666,7.47,1.6,-0.06
82,Beverton-Holt,sigma,1.6,Ricker,1.88,1.53,2.34,1.001,17.499999999999986,7.47,1.6,-0.06
82,Beverton-Holt,alpha,7.47,Beverton-Holt,6.18,2.29,9.81,1,-17.269076305220885,7.47,1.6,-0.06
82,Beverton-Holt,b_for,-0.06,Beverton-Holt,0.29,-0.17,0.73,1,-583.3333333333334,7.47,1.6,-0.06
82,Beverton-Holt,sigma,1.6,Beverton-Holt,1.57,1.27,1.95,1,-1.8750000000000016,7.47,1.6,-0.06
83,Beverton-Holt,alpha,6.46,Ricker,1.23,0.92,1.53,1.003,-80.95975232198143,6.46,0.4,-0.29
83,Beverton-Holt,b_for,-0.29,Ricker,-0.47,-0.61,-0.34,1.002,62.06896551724138,6.46,0.4,-0.29
83,Beverton-Holt,sigma,0.4,Ricker,0.39,0.31,0.49,1.002,-2.500000000000002,6.46,0.4,-0.29
83,Beverton-Holt,alpha,6.46,Beverton-Holt,6.58,2.9,9.84,1.002,1.8575851393188871,6.46,0.4,-0.29
83,Beverton-Holt,b_for,-0.29,Beverton-Holt,-0.29,-0.39,-0.2,1.001,-0,6.46,0.4,-0.29
83,Beverton-Holt,sigma,0.4,Beverton-Holt,0.33,0.26,0.41,1,-17.5,6.46,0.4,-0.29
85,Beverton-Holt,alpha,5.09,Ricker,0.59,0.16,1.04,1.001,-88.40864440078586,5.09,0.8,1.1
85,Beverton-Holt,b_for,1.1,Ricker,0.2,-0.21,0.6,1.001,-81.81818181818183,5.09,0.8,1.1
85,Beverton-Holt,sigma,0.8,Ricker,1.26,1.02,1.58,1.001,57.5,5.09,0.8,1.1
85,Beverton-Holt,alpha,5.09,Beverton-Holt,6.47,2.38,9.8,1.003,27.111984282907663,5.09,0.8,1.1
85,Beverton-Holt,b_for,1.1,Beverton-Holt,1,0.59,1.32,1.001,-9.090909090909099,5.09,0.8,1.1
85,Beverton-Holt,sigma,0.8,Beverton-Holt,1.01,0.82,1.26,1.001,26.249999999999993,5.09,0.8,1.1
87,Beverton-Holt,alpha,4.62,Ricker,0.57,0.06,1.22,1.002,-87.66233766233766,4.62,1.6,-1.85
87,Beverton-Holt,b_for,-1.85,Ricker,-1.16,-1.9,-0.45,1.002,-37.297297297297305,4.62,1.6,-1.85
87,Beverton-Holt,sigma,1.6,Ricker,2.24,1.81,2.79,1,40.00000000000001,4.62,1.6,-1.85
87,Beverton-Holt,alpha,4.62,Beverton-Holt,4.63,1.68,9.54,1.002,0.21645021645021184,4.62,1.6,-1.85
87,Beverton-Holt,b_for,-1.85,Beverton-Holt,-1.5,-1.97,-1.03,1.003,-18.918918918918923,4.62,1.6,-1.85
87,Beverton-Holt,sigma,1.6,Beverton-Holt,1.54,1.24,1.93,1.001,-3.750000000000003,4.62,1.6,-1.85
91,Beverton-Holt,alpha,4.64,Ricker,0.53,0.27,0.81,1.03,-88.57758620689654,4.64,0,0.93
91,Beverton-Holt,b_for,0.93,Ricker,0.21,0.07,0.35,1.029,-77.4193548387097,4.64,0,0.93
91,Beverton-Holt,sigma,0,Ricker,0.23,0.19,0.29,1.007,Inf,4.64,0,0.93
91,Beverton-Holt,alpha,4.64,Beverton-Holt,4.47,4.1,4.92,1.002,-3.6637931034482745,4.64,0,0.93
91,Beverton-Holt,b_for,0.93,Beverton-Holt,0.92,0.91,0.94,1.002,-1.075268817204302,4.64,0,0.93
91,Beverton-Holt,sigma,0,Beverton-Holt,0.03,0.02,0.03,1,Inf,4.64,0,0.93
93,Beverton-Holt,alpha,4.79,Ricker,0.69,0.11,1.33,1.001,-85.59498956158663,4.79,1.3,-0.34
93,Beverton-Holt,b_for,-0.34,Ricker,-0.39,-0.97,0.18,1,14.705882352941172,4.79,1.3,-0.34
93,Beverton-Holt,sigma,1.3,Ricker,2.01,1.62,2.52,1.002,54.61538461538459,4.79,1.3,-0.34
93,Beverton-Holt,alpha,4.79,Beverton-Holt,5.97,1.98,9.77,1.001,24.634655532359076,4.79,1.3,-0.34
93,Beverton-Holt,b_for,-0.34,Beverton-Holt,-0.33,-0.78,0.12,1.001,-2.9411764705882377,4.79,1.3,-0.34
93,Beverton-Holt,sigma,1.3,Beverton-Holt,1.55,1.24,1.96,1.001,19.23076923076923,4.79,1.3,-0.34
96,Beverton-Holt,alpha,3.47,Ricker,0.85,0.5,1.19,1.002,-75.5043227665706,3.47,0.6,-0.46
96,Beverton-Holt,b_for,-0.46,Ricker,-0.74,-1.01,-0.47,1.003,60.86956521739129,3.47,0.6,-0.46
96,Beverton-Holt,sigma,0.6,Ricker,0.69,0.56,0.86,1,14.999999999999995,3.47,0.6,-0.46
96,Beverton-Holt,alpha,3.47,Beverton-Holt,5.97,2.21,9.79,1.003,72.04610951008644,3.47,0.6,-0.46
96,Beverton-Holt,b_for,-0.46,Beverton-Holt,-0.6,-0.78,-0.43,1.001,30.43478260869564,3.47,0.6,-0.46
96,Beverton-Holt,sigma,0.6,Beverton-Holt,0.58,0.47,0.73,1.001,-3.3333333333333366,3.47,0.6,-0.46
97,Beverton-Holt,alpha,7.39,Ricker,0.59,0.17,1.01,1.001,-92.01623815967524,7.39,0.8,-0.24
97,Beverton-Holt,b_for,-0.24,Ricker,-0.32,-0.63,0,1.002,33.33333333333334,7.39,0.8,-0.24
97,Beverton-Holt,sigma,0.8,Ricker,1.04,0.84,1.3,1,30,7.39,0.8,-0.24
97,Beverton-Holt,alpha,7.39,Beverton-Holt,4.53,1.25,9.54,1.002,-38.70094722598105,7.39,0.8,-0.24
97,Beverton-Holt,b_for,-0.24,Beverton-Holt,-0.42,-0.68,-0.15,1.002,75,7.39,0.8,-0.24
97,Beverton-Holt,sigma,0.8,Beverton-Holt,0.91,0.73,1.14,1.001,13.749999999999996,7.39,0.8,-0.24
99,Beverton-Holt,alpha,6.07,Ricker,0.48,0.05,1.02,1.001,-92.09225700164744,6.07,1.7,-0.01
99,Beverton-Holt,b_for,-0.01,Ricker,-0.17,-0.67,0.31,1,1600,6.07,1.7,-0.01
99,Beverton-Holt,sigma,1.7,Ricker,1.73,1.39,2.17,1.002,1.764705882352943,6.07,1.7,-0.01
99,Beverton-Holt,alpha,6.07,Beverton-Holt,4.7,0.83,9.61,1.004,-22.57001647446458,6.07,1.7,-0.01
99,Beverton-Holt,b_for,-0.01,Beverton-Holt,-0.27,-0.71,0.16,1.001,2600,6.07,1.7,-0.01
99,Beverton-Holt,sigma,1.7,Beverton-Holt,1.54,1.24,1.92,1,-9.41176470588235,6.07,1.7,-0.01
100,Beverton-Holt,alpha,3.19,Ricker,0.62,0.13,1.13,1.001,-80.56426332288402,3.19,1.3,0.5
100,Beverton-Holt,b_for,0.5,Ricker,0.1,-0.35,0.54,1,-80,3.19,1.3,0.5
100,Beverton-Holt,sigma,1.3,Ricker,1.52,1.22,1.9,1.001,16.92307692307692,3.19,1.3,0.5
100,Beverton-Holt,alpha,3.19,Beverton-Holt,6.4,2.55,9.86,1,100.62695924764893,3.19,1.3,0.5
100,Beverton-Holt,b_for,0.5,Beverton-Holt,0.43,0.07,0.77,1,-14.000000000000002,3.19,1.3,0.5
100,Beverton-Holt,sigma,1.3,Beverton-Holt,1.18,0.95,1.48,1,-9.230769230769239,3.19,1.3,0.5
103,Beverton-Holt,alpha,5.18,Ricker,0.47,0.06,1,1.001,-90.92664092664093,5.18,1.3,-1.76
103,Beverton-Holt,b_for,-1.76,Ricker,-1.02,-1.66,-0.37,1.006,-42.04545454545455,5.18,1.3,-1.76
103,Beverton-Holt,sigma,1.3,Ricker,1.68,1.36,2.11,1.002,29.23076923076922,5.18,1.3,-1.76
103,Beverton-Holt,alpha,5.18,Beverton-Holt,3.33,1.15,9.13,1.002,-35.71428571428571,5.18,1.3,-1.76
103,Beverton-Holt,b_for,-1.76,Beverton-Holt,-1.79,-2.24,-1.27,1,1.7045454545454561,5.18,1.3,-1.76
103,Beverton-Holt,sigma,1.3,Beverton-Holt,1.26,1.01,1.59,1.001,-3.0769230769230798,5.18,1.3,-1.76
105,Beverton-Holt,alpha,5.83,Ricker,0.75,0.14,1.45,1.002,-87.13550600343054,5.83,1.8,-1.04
105,Beverton-Holt,b_for,-1.04,Ricker,-0.67,-1.31,-0.02,1,-35.57692307692307,5.83,1.8,-1.04
105,Beverton-Holt,sigma,1.8,Ricker,2.25,1.82,2.81,1,24.999999999999996,5.83,1.8,-1.04
105,Beverton-Holt,alpha,5.83,Beverton-Holt,5.07,1.63,9.68,1.001,-13.036020583190389,5.83,1.8,-1.04
105,Beverton-Holt,b_for,-1.04,Beverton-Holt,-0.81,-1.31,-0.26,1,-22.115384615384613,5.83,1.8,-1.04
105,Beverton-Holt,sigma,1.8,Beverton-Holt,1.83,1.48,2.29,1.001,1.666666666666668,5.83,1.8,-1.04
108,Beverton-Holt,alpha,5.23,Ricker,0.74,0.35,1.12,1.001,-85.8508604206501,5.23,0.7,0.92
108,Beverton-Holt,b_for,0.92,Ricker,0.26,-0.05,0.58,1,-71.73913043478261,5.23,0.7,0.92
108,Beverton-Holt,sigma,0.7,Ricker,0.97,0.78,1.22,1.001,38.57142857142858,5.23,0.7,0.92
108,Beverton-Holt,alpha,5.23,Beverton-Holt,6.15,2.48,9.8,1.001,17.590822179732314,5.23,0.7,0.92
108,Beverton-Holt,b_for,0.92,Beverton-Holt,0.71,0.45,0.94,1,-22.826086956521745,5.23,0.7,0.92
108,Beverton-Holt,sigma,0.7,Beverton-Holt,0.77,0.62,0.96,1,10.000000000000009,5.23,0.7,0.92
110,Beverton-Holt,alpha,6.18,Ricker,0.44,0.03,0.99,1.001,-92.88025889967636,6.18,1.3,-1.18
110,Beverton-Holt,b_for,-1.18,Ricker,-0.82,-1.5,-0.15,1.002,-30.508474576271187,6.18,1.3,-1.18
110,Beverton-Holt,sigma,1.3,Ricker,1.99,1.61,2.47,1.001,53.07692307692307,6.18,1.3,-1.18
110,Beverton-Holt,alpha,6.18,Beverton-Holt,6.52,3.04,9.83,1.001,5.501618122977344,6.18,1.3,-1.18
110,Beverton-Holt,b_for,-1.18,Beverton-Holt,-1.29,-1.68,-0.89,1,9.322033898305094,6.18,1.3,-1.18
110,Beverton-Holt,sigma,1.3,Beverton-Holt,1.34,1.09,1.68,1.001,3.0769230769230798,6.18,1.3,-1.18
111,Beverton-Holt,alpha,6.09,Ricker,0.84,0.38,1.33,1.001,-86.20689655172414,6.09,1.2,0.23
111,Beverton-Holt,b_for,0.23,Ricker,-0.06,-0.45,0.32,1.001,-126.08695652173914,6.09,1.2,0.23
111,Beverton-Holt,sigma,1.2,Ricker,1.32,1.07,1.67,1.002,10.000000000000009,6.09,1.2,0.23
111,Beverton-Holt,alpha,6.09,Beverton-Holt,6.33,2.22,9.82,1,3.940886699507393,6.09,1.2,0.23
111,Beverton-Holt,b_for,0.23,Beverton-Holt,0.26,-0.09,0.6,1,13.043478260869565,6.09,1.2,0.23
111,Beverton-Holt,sigma,1.2,Beverton-Holt,1.17,0.95,1.45,1,-2.500000000000002,6.09,1.2,0.23
113,Beverton-Holt,alpha,5.22,Ricker,0.66,0.11,1.27,1.003,-87.35632183908045,5.22,1.3,1.63
113,Beverton-Holt,b_for,1.63,Ricker,0.39,-0.16,0.91,1.001,-76.07361963190183,5.22,1.3,1.63
113,Beverton-Holt,sigma,1.3,Ricker,1.79,1.44,2.24,1.001,37.69230769230769,5.22,1.3,1.63
113,Beverton-Holt,alpha,5.22,Beverton-Holt,5.57,2.28,9.68,1.001,6.704980842911889,5.22,1.3,1.63
113,Beverton-Holt,b_for,1.63,Beverton-Holt,1.34,0.77,1.79,1.002,-17.791411042944777,5.22,1.3,1.63
113,Beverton-Holt,sigma,1.3,Beverton-Holt,1.36,1.1,1.7,1,4.615384615384619,5.22,1.3,1.63
116,Beverton-Holt,alpha,3.71,Ricker,0.46,0.04,0.99,1.003,-87.6010781671159,3.71,1.4,0.02
116,Beverton-Holt,b_for,0.02,Ricker,0.12,-0.42,0.65,1,500,3.71,1.4,0.02
116,Beverton-Holt,sigma,1.4,Ricker,1.81,1.47,2.26,1.001,29.2857142857143,3.71,1.4,0.02
116,Beverton-Holt,alpha,3.71,Beverton-Holt,5.25,1.3,9.78,1.001,41.509433962264154,3.71,1.4,0.02
116,Beverton-Holt,b_for,0.02,Beverton-Holt,0.37,-0.09,0.8,1,1750,3.71,1.4,0.02
116,Beverton-Holt,sigma,1.4,Beverton-Holt,1.51,1.21,1.9,1,7.857142857142866,3.71,1.4,0.02
117,Beverton-Holt,alpha,4.23,Ricker,1.08,0.77,1.4,1.002,-74.46808510638299,4.23,0.6,0.7
117,Beverton-Holt,b_for,0.7,Ricker,0.36,0.17,0.55,1.001,-48.57142857142858,4.23,0.6,0.7
117,Beverton-Holt,sigma,0.6,Ricker,0.54,0.43,0.67,1.001,-9.999999999999991,4.23,0.6,0.7
117,Beverton-Holt,alpha,4.23,Beverton-Holt,4.78,1.36,9.63,1.014,13.002364066193849,4.23,0.6,0.7
117,Beverton-Holt,b_for,0.7,Beverton-Holt,0.66,0.32,0.89,1.029,-5.714285714285704,4.23,0.6,0.7
117,Beverton-Holt,sigma,0.6,Beverton-Holt,0.56,0.45,0.71,1.004,-6.6666666666666545,4.23,0.6,0.7
119,Beverton-Holt,alpha,5.48,Ricker,0.72,0.12,1.4,1,-86.86131386861314,5.48,1.8,-0.38
119,Beverton-Holt,b_for,-0.38,Ricker,-0.25,-0.81,0.33,1,-34.21052631578947,5.48,1.8,-0.38
119,Beverton-Holt,sigma,1.8,Ricker,2.07,1.67,2.6,1.001,14.999999999999988,5.48,1.8,-0.38
119,Beverton-Holt,alpha,5.48,Beverton-Holt,3.23,1.05,9.05,1.003,-41.05839416058395,5.48,1.8,-0.38
119,Beverton-Holt,b_for,-0.38,Beverton-Holt,-0.34,-0.89,0.2,1,-10.52631578947368,5.48,1.8,-0.38
119,Beverton-Holt,sigma,1.8,Beverton-Holt,1.83,1.47,2.29,1.001,1.666666666666668,5.48,1.8,-0.38
120,Beverton-Holt,alpha,5.75,Ricker,0.99,0.58,1.4,1.003,-82.78260869565217,5.75,0.7,-0.33
120,Beverton-Holt,b_for,-0.33,Ricker,-0.46,-0.74,-0.18,1.001,39.39393939393939,5.75,0.7,-0.33
120,Beverton-Holt,sigma,0.7,Ricker,0.91,0.73,1.13,1,30.00000000000001,5.75,0.7,-0.33
120,Beverton-Holt,alpha,5.75,Beverton-Holt,6.36,2.52,9.81,1,10.608695652173918,5.75,0.7,-0.33
120,Beverton-Holt,b_for,-0.33,Beverton-Holt,-0.38,-0.6,-0.16,1,15.151515151515149,5.75,0.7,-0.33
120,Beverton-Holt,sigma,0.7,Beverton-Holt,0.75,0.6,0.93,1.001,7.1428571428571495,5.75,0.7,-0.33
124,Beverton-Holt,alpha,6.39,Ricker,0.73,0.15,1.33,1,-88.57589984350548,6.39,1.2,2.04
124,Beverton-Holt,b_for,2.04,Ricker,0.55,-0.04,1.12,1,-73.0392156862745,6.39,1.2,2.04
124,Beverton-Holt,sigma,1.2,Ricker,1.91,1.54,2.38,1,59.16666666666667,6.39,1.2,2.04
124,Beverton-Holt,alpha,6.39,Beverton-Holt,4.55,1.81,9.38,1.007,-28.794992175273865,6.39,1.2,2.04
124,Beverton-Holt,b_for,2.04,Beverton-Holt,1.52,0.76,2.16,1.003,-25.49019607843137,6.39,1.2,2.04
124,Beverton-Holt,sigma,1.2,Beverton-Holt,1.51,1.21,1.9,1.002,25.83333333333334,6.39,1.2,2.04
125,Beverton-Holt,alpha,5.64,Ricker,0.51,0.06,1.07,1.005,-90.95744680851064,5.64,1.3,-0.28
125,Beverton-Holt,b_for,-0.28,Ricker,-0.21,-0.7,0.27,1.001,-25.00000000000001,5.64,1.3,-0.28
125,Beverton-Holt,sigma,1.3,Ricker,1.69,1.36,2.1,1.002,29.999999999999993,5.64,1.3,-0.28
125,Beverton-Holt,alpha,5.64,Beverton-Holt,6.22,2.21,9.79,1.001,10.283687943262413,5.64,1.3,-0.28
125,Beverton-Holt,b_for,-0.28,Beverton-Holt,-0.14,-0.52,0.24,1.001,-50,5.64,1.3,-0.28
125,Beverton-Holt,sigma,1.3,Beverton-Holt,1.3,1.06,1.64,1,0,5.64,1.3,-0.28
127,Beverton-Holt,alpha,4.13,Ricker,0.7,0.16,1.26,1.001,-83.05084745762711,4.13,1.2,-0.64
127,Beverton-Holt,b_for,-0.64,Ricker,-0.58,-1.05,-0.11,1,-9.375000000000009,4.13,1.2,-0.64
127,Beverton-Holt,sigma,1.2,Ricker,1.54,1.24,1.92,0.999,28.33333333333334,4.13,1.2,-0.64
127,Beverton-Holt,alpha,4.13,Beverton-Holt,6.31,2.45,9.84,1.001,52.78450363196125,4.13,1.2,-0.64
127,Beverton-Holt,b_for,-0.64,Beverton-Holt,-0.65,-1,-0.31,1,1.5625000000000013,4.13,1.2,-0.64
127,Beverton-Holt,sigma,1.2,Beverton-Holt,1.18,0.95,1.48,1,-1.6666666666666683,4.13,1.2,-0.64
130,Beverton-Holt,alpha,7.41,Ricker,0.53,0.03,1.34,1.003,-92.84750337381917,7.41,1.9,0.09
130,Beverton-Holt,b_for,0.09,Ricker,-0.12,-0.93,0.67,1.001,-233.33333333333334,7.41,1.9,0.09
130,Beverton-Holt,sigma,1.9,Ricker,2.97,2.4,3.7,1.001,56.31578947368423,7.41,1.9,0.09
130,Beverton-Holt,alpha,7.41,Beverton-Holt,6.96,3.49,9.84,1,-6.072874493927127,7.41,1.9,0.09
130,Beverton-Holt,b_for,0.09,Beverton-Holt,-0.14,-0.68,0.42,0.999,-255.55555555555557,7.41,1.9,0.09
130,Beverton-Holt,sigma,1.9,Beverton-Holt,1.96,1.58,2.45,1,3.1578947368421084,7.41,1.9,0.09
135,Beverton-Holt,alpha,3.74,Ricker,0.26,0.02,0.59,1.001,-93.048128342246,3.74,0.4,-1.87
135,Beverton-Holt,b_for,-1.87,Ricker,-0.87,-1.3,-0.46,1.004,-53.475935828877,3.74,0.4,-1.87
135,Beverton-Holt,sigma,0.4,Ricker,1.1,0.9,1.37,1,175,3.74,0.4,-1.87
135,Beverton-Holt,alpha,3.74,Beverton-Holt,6.38,3.2,9.82,1.001,70.58823529411762,3.74,0.4,-1.87
135,Beverton-Holt,b_for,-1.87,Beverton-Holt,-1.97,-2.07,-1.88,1.002,5.347593582887693,3.74,0.4,-1.87
135,Beverton-Holt,sigma,0.4,Beverton-Holt,0.31,0.25,0.39,1.005,-22.500000000000004,3.74,0.4,-1.87
138,Beverton-Holt,alpha,5.09,Ricker,0.75,0.24,1.3,1,-85.26522593320236,5.09,1.3,0.91
138,Beverton-Holt,b_for,0.91,Ricker,0.21,-0.26,0.68,1.001,-76.92307692307692,5.09,1.3,0.91
138,Beverton-Holt,sigma,1.3,Ricker,1.48,1.19,1.87,1.002,13.84615384615384,5.09,1.3,0.91
138,Beverton-Holt,alpha,5.09,Beverton-Holt,7.37,3.91,9.88,1,44.79371316306484,5.09,1.3,0.91
138,Beverton-Holt,b_for,0.91,Beverton-Holt,0.75,0.41,1.06,1,-17.582417582417587,5.09,1.3,0.91
138,Beverton-Holt,sigma,1.3,Beverton-Holt,1.09,0.88,1.36,1.002,-16.15384615384615,5.09,1.3,0.91
140,Beverton-Holt,alpha,4.29,Ricker,0.89,0.23,1.55,1,-79.25407925407926,4.29,1.7,-0.53
140,Beverton-Holt,b_for,-0.53,Ricker,-0.5,-1.06,0.09,1.001,-5.660377358490571,4.29,1.7,-0.53
140,Beverton-Holt,sigma,1.7,Ricker,1.88,1.52,2.33,1.001,10.588235294117643,4.29,1.7,-0.53
140,Beverton-Holt,alpha,4.29,Beverton-Holt,6.72,2.95,9.81,1.002,56.64335664335664,4.29,1.7,-0.53
140,Beverton-Holt,b_for,-0.53,Beverton-Holt,-0.42,-0.85,0.01,1,-20.75471698113208,4.29,1.7,-0.53
140,Beverton-Holt,sigma,1.7,Beverton-Holt,1.49,1.21,1.86,1.002,-12.352941176470587,4.29,1.7,-0.53
142,Beverton-Holt,alpha,3.48,Ricker,0.5,0.08,0.97,1.001,-85.63218390804597,3.48,1.3,0.82
142,Beverton-Holt,b_for,0.82,Ricker,0.18,-0.23,0.6,1.001,-78.04878048780488,3.48,1.3,0.82
142,Beverton-Holt,sigma,1.3,Ricker,1.41,1.13,1.77,1.002,8.461538461538451,3.48,1.3,0.82
142,Beverton-Holt,alpha,3.48,Beverton-Holt,3.21,0.93,9.11,1.001,-7.758620689655173,3.48,1.3,0.82
142,Beverton-Holt,b_for,0.82,Beverton-Holt,0.71,0.17,1.23,1,-13.414634146341463,3.48,1.3,0.82
142,Beverton-Holt,sigma,1.3,Beverton-Holt,1.2,0.96,1.5,1.002,-7.692307692307699,3.48,1.3,0.82
143,Beverton-Holt,alpha,5.2,Ricker,0.4,0.18,0.61,1.004,-92.3076923076923,5.2,0,-1.05
143,Beverton-Holt,b_for,-1.05,Ricker,-0.85,-1.11,-0.59,1.001,-19.047619047619055,5.2,0,-1.05
143,Beverton-Holt,sigma,0,Ricker,0.58,0.47,0.73,1.002,Inf,5.2,0,-1.05
143,Beverton-Holt,alpha,5.2,Beverton-Holt,4.89,4.29,5.99,1.006,-5.961538461538471,5.2,0,-1.05
143,Beverton-Holt,b_for,-1.05,Beverton-Holt,-1.05,-1.06,-1.04,1,-0,5.2,0,-1.05
143,Beverton-Holt,sigma,0,Beverton-Holt,0.02,0.02,0.03,1,Inf,5.2,0,-1.05
146,Beverton-Holt,alpha,4.96,Ricker,0.63,0.06,1.36,1.001,-87.29838709677419,4.96,1.7,-0.67
146,Beverton-Holt,b_for,-0.67,Ricker,-0.62,-1.32,0.06,1.002,-7.4626865671641855,4.96,1.7,-0.67
146,Beverton-Holt,sigma,1.7,Ricker,2.47,1.99,3.11,1,45.29411764705884,4.96,1.7,-0.67
146,Beverton-Holt,alpha,4.96,Beverton-Holt,6.91,3.25,9.85,1,39.31451612903226,4.96,1.7,-0.67
146,Beverton-Holt,b_for,-0.67,Beverton-Holt,-0.69,-1.18,-0.2,1,2.9850746268656576,4.96,1.7,-0.67
146,Beverton-Holt,sigma,1.7,Beverton-Holt,1.7,1.37,2.13,1,0,4.96,1.7,-0.67
149,Beverton-Holt,alpha,6.03,Ricker,0.46,0.02,1.13,1.001,-92.37147595356551,6.03,1.7,0.74
149,Beverton-Holt,b_for,0.74,Ricker,0.09,-0.63,0.83,1.001,-87.83783783783784,6.03,1.7,0.74
149,Beverton-Holt,sigma,1.7,Ricker,2.54,2.06,3.17,1.001,49.41176470588236,6.03,1.7,0.74
149,Beverton-Holt,alpha,6.03,Beverton-Holt,5.29,1.59,9.68,1.002,-12.27197346600332,6.03,1.7,0.74
149,Beverton-Holt,b_for,0.74,Beverton-Holt,0.53,-0.09,1.13,1,-28.378378378378375,6.03,1.7,0.74
149,Beverton-Holt,sigma,1.7,Beverton-Holt,2.02,1.63,2.52,1.004,18.82352941176471,6.03,1.7,0.74
152,Beverton-Holt,alpha,5.61,Ricker,0.83,0.48,1.18,1,-85.20499108734403,5.61,0.6,-0.38
152,Beverton-Holt,b_for,-0.38,Ricker,-0.29,-0.48,-0.09,1.001,-23.684210526315795,5.61,0.6,-0.38
152,Beverton-Holt,sigma,0.6,Ricker,0.63,0.51,0.79,1.001,5.000000000000004,5.61,0.6,-0.38
152,Beverton-Holt,alpha,5.61,Beverton-Holt,3.87,1.16,9.54,1.001,-31.016042780748666,5.61,0.6,-0.38
152,Beverton-Holt,b_for,-0.38,Beverton-Holt,-0.27,-0.44,-0.1,1,-28.947368421052627,5.61,0.6,-0.38
152,Beverton-Holt,sigma,0.6,Beverton-Holt,0.59,0.48,0.74,1,-1.6666666666666683,5.61,0.6,-0.38
154,Beverton-Holt,alpha,4.82,Ricker,0.35,0.04,0.76,1.002,-92.73858921161826,4.82,0.9,-1.54
154,Beverton-Holt,b_for,-1.54,Ricker,-0.78,-1.3,-0.26,1.007,-49.35064935064935,4.82,0.9,-1.54
154,Beverton-Holt,sigma,0.9,Ricker,1.48,1.2,1.84,1.002,64.44444444444443,4.82,0.9,-1.54
154,Beverton-Holt,alpha,4.82,Beverton-Holt,5.62,2.05,9.71,1.001,16.597510373443978,4.82,0.9,-1.54
154,Beverton-Holt,b_for,-1.54,Beverton-Holt,-1.48,-1.76,-1.18,1,-3.8961038961038996,4.82,0.9,-1.54
154,Beverton-Holt,sigma,0.9,Beverton-Holt,0.95,0.77,1.2,1,5.555555555555547,4.82,0.9,-1.54
158,Beverton-Holt,alpha,6.92,Ricker,0.44,0.19,0.7,1.001,-93.64161849710983,6.92,0.3,-0.87
158,Beverton-Holt,b_for,-0.87,Ricker,-0.8,-1.08,-0.51,1.001,-8.045977011494246,6.92,0.3,-0.87
158,Beverton-Holt,sigma,0.3,Ricker,0.72,0.58,0.89,1.001,140,6.92,0.3,-0.87
158,Beverton-Holt,alpha,6.92,Beverton-Holt,6.72,3.22,9.84,1.001,-2.890173410404627,6.92,0.3,-0.87
158,Beverton-Holt,b_for,-0.87,Beverton-Holt,-0.87,-0.98,-0.75,1,-0,6.92,0.3,-0.87
158,Beverton-Holt,sigma,0.3,Beverton-Holt,0.37,0.3,0.46,1.001,23.333333333333336,6.92,0.3,-0.87
159,Beverton-Holt,alpha,5.73,Ricker,0.41,0.09,0.8,1.001,-92.84467713787085,5.73,0.6,-1.2
159,Beverton-Holt,b_for,-1.2,Ricker,-0.95,-1.42,-0.48,1.004,-20.833333333333336,5.73,0.6,-1.2
159,Beverton-Holt,sigma,0.6,Ricker,1.21,0.98,1.52,1.001,101.66666666666667,5.73,0.6,-1.2
159,Beverton-Holt,alpha,5.73,Beverton-Holt,6.71,3.18,9.85,1,17.102966841186728,5.73,0.6,-1.2
159,Beverton-Holt,b_for,-1.2,Beverton-Holt,-1.18,-1.37,-0.99,1,-1.6666666666666683,5.73,0.6,-1.2
159,Beverton-Holt,sigma,0.6,Beverton-Holt,0.66,0.53,0.82,1.002,10.000000000000009,5.73,0.6,-1.2
162,Beverton-Holt,alpha,5.56,Ricker,0.62,0.35,0.9,1.004,-88.84892086330935,5.56,0.2,0.61
162,Beverton-Holt,b_for,0.61,Ricker,0.15,0.01,0.3,1.006,-75.40983606557377,5.56,0.2,0.61
162,Beverton-Holt,sigma,0.2,Ricker,0.31,0.25,0.39,1.004,54.999999999999986,5.56,0.2,0.61
162,Beverton-Holt,alpha,5.56,Beverton-Holt,6.47,2.94,9.83,1.005,16.366906474820148,5.56,0.2,0.61
162,Beverton-Holt,b_for,0.61,Beverton-Holt,0.58,0.5,0.66,1.005,-4.9180327868852505,5.56,0.2,0.61
162,Beverton-Holt,sigma,0.2,Beverton-Holt,0.24,0.19,0.3,1.005,19.99999999999999,5.56,0.2,0.61
163,Beverton-Holt,alpha,7.26,Ricker,0.26,0.02,0.59,1.002,-96.41873278236915,7.26,0.8,-0.97
163,Beverton-Holt,b_for,-0.97,Ricker,-0.51,-0.89,-0.13,1.001,-47.422680412371136,7.26,0.8,-0.97
163,Beverton-Holt,sigma,0.8,Ricker,1.22,0.99,1.55,1.001,52.499999999999986,7.26,0.8,-0.97
163,Beverton-Holt,alpha,7.26,Beverton-Holt,5.84,1.98,9.77,1.002,-19.55922865013774,7.26,0.8,-0.97
163,Beverton-Holt,b_for,-0.97,Beverton-Holt,-1.12,-1.36,-0.87,1.002,15.46391752577321,7.26,0.8,-0.97
163,Beverton-Holt,sigma,0.8,Beverton-Holt,0.8,0.65,1.01,1.002,0,7.26,0.8,-0.97
164,Beverton-Holt,alpha,6.46,Ricker,2.06,1.99,2.13,1.002,-68.11145510835914,6.46,0,-0.1
164,Beverton-Holt,b_for,-0.1,Ricker,-0.24,-0.25,-0.23,1.001,139.99999999999997,6.46,0,-0.1
164,Beverton-Holt,sigma,0,Ricker,0.04,0.03,0.05,1.002,Inf,6.46,0,-0.1
164,Beverton-Holt,alpha,6.46,Beverton-Holt,7.1,6.18,9.47,1.012,9.907120743034051,6.46,0,-0.1
164,Beverton-Holt,b_for,-0.1,Beverton-Holt,-0.1,-0.1,-0.1,1.001,-0,6.46,0,-0.1
164,Beverton-Holt,sigma,0,Beverton-Holt,0,0,0,1.001,NA,6.46,0,-0.1
168,Beverton-Holt,alpha,5.21,Ricker,0.59,0.22,0.96,1,-88.67562380038387,5.21,0.9,-1.03
168,Beverton-Holt,b_for,-1.03,Ricker,-1.11,-1.52,-0.68,1,7.766990291262142,5.21,0.9,-1.03
168,Beverton-Holt,sigma,0.9,Ricker,1.04,0.84,1.3,1.001,15.555555555555557,5.21,0.9,-1.03
168,Beverton-Holt,alpha,5.21,Beverton-Holt,6.33,2.64,9.81,1,21.497120921305186,5.21,0.9,-1.03
168,Beverton-Holt,b_for,-1.03,Beverton-Holt,-1.08,-1.28,-0.88,1.001,4.854368932038839,5.21,0.9,-1.03
168,Beverton-Holt,sigma,0.9,Beverton-Holt,0.68,0.55,0.85,1.001,-24.44444444444444,5.21,0.9,-1.03
169,Beverton-Holt,alpha,7.21,Ricker,0.71,0.28,1.14,1.002,-90.15256588072123,7.21,0.5,1.25
169,Beverton-Holt,b_for,1.25,Ricker,0.36,0.06,0.66,1.003,-71.2,7.21,0.5,1.25
169,Beverton-Holt,sigma,0.5,Ricker,0.8,0.65,1.01,1.001,60.00000000000001,7.21,0.5,1.25
169,Beverton-Holt,alpha,7.21,Beverton-Holt,7.54,4.5,9.89,1.001,4.5769764216366164,7.21,0.5,1.25
169,Beverton-Holt,b_for,1.25,Beverton-Holt,1.27,1.09,1.43,1,1.6000000000000014,7.21,0.5,1.25
169,Beverton-Holt,sigma,0.5,Beverton-Holt,0.53,0.43,0.66,1.001,6.000000000000005,7.21,0.5,1.25
170,Beverton-Holt,alpha,4.93,Ricker,0.35,0.02,0.79,1.013,-92.90060851926978,4.93,0.8,-1.15
170,Beverton-Holt,b_for,-1.15,Ricker,-0.78,-1.35,-0.23,1.02,-32.17391304347825,4.93,0.8,-1.15
170,Beverton-Holt,sigma,0.8,Ricker,1.4,1.13,1.78,1.006,74.99999999999997,4.93,0.8,-1.15
170,Beverton-Holt,alpha,4.93,Beverton-Holt,6.09,2.46,9.77,1.002,23.529411764705888,4.93,0.8,-1.15
170,Beverton-Holt,b_for,-1.15,Beverton-Holt,-1.32,-1.56,-1.07,1,14.782608695652188,4.93,0.8,-1.15
170,Beverton-Holt,sigma,0.8,Beverton-Holt,0.82,0.66,1.02,1,2.499999999999988,4.93,0.8,-1.15
171,Beverton-Holt,alpha,5.45,Ricker,0.65,0.27,1.05,1.004,-88.07339449541284,5.45,0.7,-0.9
171,Beverton-Holt,b_for,-0.9,Ricker,-0.87,-1.26,-0.48,1.002,-3.333333333333336,5.45,0.7,-0.9
171,Beverton-Holt,sigma,0.7,Ricker,1,0.81,1.25,1.001,42.85714285714287,5.45,0.7,-0.9
171,Beverton-Holt,alpha,5.45,Beverton-Holt,5.7,2.13,9.74,1.003,4.587155963302752,5.45,0.7,-0.9
171,Beverton-Holt,b_for,-0.9,Beverton-Holt,-0.9,-1.11,-0.7,1.001,-0,5.45,0.7,-0.9
171,Beverton-Holt,sigma,0.7,Beverton-Holt,0.7,0.57,0.88,1.001,0,5.45,0.7,-0.9
173,Beverton-Holt,alpha,4.21,Ricker,0.41,0.03,0.96,1.001,-90.26128266033254,4.21,0.8,-3.23
173,Beverton-Holt,b_for,-3.23,Ricker,-1.31,-1.96,-0.63,1.004,-59.44272445820433,4.21,0.8,-3.23
173,Beverton-Holt,sigma,0.8,Ricker,1.88,1.53,2.34,1.001,134.99999999999997,4.21,0.8,-3.23
173,Beverton-Holt,alpha,4.21,Beverton-Holt,6.01,3.14,9.78,1.002,42.75534441805225,4.21,0.8,-3.23
173,Beverton-Holt,b_for,-3.23,Beverton-Holt,-3.18,-3.4,-2.93,1,-1.5479876160990658,4.21,0.8,-3.23
173,Beverton-Holt,sigma,0.8,Beverton-Holt,0.72,0.59,0.9,1,-10.000000000000009,4.21,0.8,-3.23
174,Beverton-Holt,alpha,5.49,Ricker,0.52,0.12,0.92,1.003,-90.52823315118398,5.49,0.8,1.02
174,Beverton-Holt,b_for,1.02,Ricker,0.26,-0.09,0.62,1.002,-74.50980392156863,5.49,0.8,1.02
174,Beverton-Holt,sigma,0.8,Ricker,1.06,0.86,1.33,1.005,32.5,5.49,0.8,1.02
174,Beverton-Holt,alpha,5.49,Beverton-Holt,6.4,2.84,9.8,1.005,16.57559198542805,5.49,0.8,1.02
174,Beverton-Holt,b_for,1.02,Beverton-Holt,1.14,0.83,1.39,1.003,11.764705882352931,5.49,0.8,1.02
174,Beverton-Holt,sigma,0.8,Beverton-Holt,0.79,0.64,0.99,1.002,-1.250000000000001,5.49,0.8,1.02
176,Beverton-Holt,alpha,5.35,Ricker,0.97,0.23,1.76,1.002,-81.86915887850468,5.35,1.8,0.63
176,Beverton-Holt,b_for,0.63,Ricker,0.27,-0.38,0.93,1.001,-57.142857142857146,5.35,1.8,0.63
176,Beverton-Holt,sigma,1.8,Ricker,2.21,1.79,2.74,1.001,22.777777777777775,5.35,1.8,0.63
176,Beverton-Holt,alpha,5.35,Beverton-Holt,6.59,2.75,9.83,1.001,23.177570093457952,5.35,1.8,0.63
176,Beverton-Holt,b_for,0.63,Beverton-Holt,0.8,0.29,1.32,1,26.98412698412699,5.35,1.8,0.63
176,Beverton-Holt,sigma,1.8,Beverton-Holt,1.76,1.42,2.21,1.001,-2.222222222222224,5.35,1.8,0.63
177,Beverton-Holt,alpha,6.42,Ricker,0.29,0.02,0.73,1,-95.48286604361371,6.42,0.8,-2.57
177,Beverton-Holt,b_for,-2.57,Ricker,-0.85,-1.43,-0.23,1.002,-66.9260700389105,6.42,0.8,-2.57
177,Beverton-Holt,sigma,0.8,Ricker,1.84,1.49,2.31,1.001,130,6.42,0.8,-2.57
177,Beverton-Holt,alpha,6.42,Beverton-Holt,6.04,2.64,9.78,1,-5.919003115264795,6.42,0.8,-2.57
177,Beverton-Holt,b_for,-2.57,Beverton-Holt,-2.56,-2.84,-2.26,1.001,-0.3891050583657505,6.42,0.8,-2.57
177,Beverton-Holt,sigma,0.8,Beverton-Holt,0.93,0.75,1.17,1.003,16.25,6.42,0.8,-2.57
179,Beverton-Holt,alpha,5.09,Ricker,0.45,0.03,1.07,1.001,-91.15913555992141,5.09,1.5,0.15
179,Beverton-Holt,b_for,0.15,Ricker,0.01,-0.63,0.65,1,-93.33333333333333,5.09,1.5,0.15
179,Beverton-Holt,sigma,1.5,Ricker,2.22,1.79,2.83,1.004,48.00000000000001,5.09,1.5,0.15
179,Beverton-Holt,alpha,5.09,Beverton-Holt,5.53,1.96,9.71,1,8.644400785854625,5.09,1.5,0.15
179,Beverton-Holt,b_for,0.15,Beverton-Holt,0.25,-0.25,0.74,1,66.66666666666667,5.09,1.5,0.15
179,Beverton-Holt,sigma,1.5,Beverton-Holt,1.73,1.41,2.14,1.001,15.333333333333334,5.09,1.5,0.15
181,Beverton-Holt,alpha,5.24,Ricker,0.79,0.52,1.07,1.004,-84.9236641221374,5.24,0.4,0.48
181,Beverton-Holt,b_for,0.48,Ricker,0.17,0,0.33,1.004,-64.58333333333331,5.24,0.4,0.48
181,Beverton-Holt,sigma,0.4,Ricker,0.46,0.37,0.58,1.003,15,5.24,0.4,0.48
181,Beverton-Holt,alpha,5.24,Beverton-Holt,5.46,1.75,9.76,1.009,4.198473282442743,5.24,0.4,0.48
181,Beverton-Holt,b_for,0.48,Beverton-Holt,0.42,0.25,0.56,1.011,-12.5,5.24,0.4,0.48
181,Beverton-Holt,sigma,0.4,Beverton-Holt,0.44,0.36,0.55,1.001,9.999999999999995,5.24,0.4,0.48
183,Beverton-Holt,alpha,4.69,Ricker,1.43,1.11,1.76,1.001,-69.50959488272922,4.69,0.4,-0.2
183,Beverton-Holt,b_for,-0.2,Ricker,-0.46,-0.61,-0.31,1,130,4.69,0.4,-0.2
183,Beverton-Holt,sigma,0.4,Ricker,0.45,0.36,0.56,1.002,12.499999999999996,4.69,0.4,-0.2
183,Beverton-Holt,alpha,4.69,Beverton-Holt,6.85,3.36,9.86,1,46.0554371002132,4.69,0.4,-0.2
183,Beverton-Holt,b_for,-0.2,Beverton-Holt,-0.22,-0.35,-0.1,1,9.999999999999995,4.69,0.4,-0.2
183,Beverton-Holt,sigma,0.4,Beverton-Holt,0.41,0.33,0.51,1,2.499999999999988,4.69,0.4,-0.2
184,Beverton-Holt,alpha,3.77,Ricker,0.8,0.45,1.14,1.002,-78.77984084880636,3.77,0.5,0.83
184,Beverton-Holt,b_for,0.83,Ricker,0.36,0.13,0.58,1.001,-56.626506024096386,3.77,0.5,0.83
184,Beverton-Holt,sigma,0.5,Ricker,0.58,0.47,0.72,1.002,15.999999999999993,3.77,0.5,0.83
184,Beverton-Holt,alpha,3.77,Beverton-Holt,6.56,2.82,9.82,1.003,74.00530503978779,3.77,0.5,0.83
184,Beverton-Holt,b_for,0.83,Beverton-Holt,0.86,0.7,1.01,1.003,3.6144578313253044,3.77,0.5,0.83
184,Beverton-Holt,sigma,0.5,Beverton-Holt,0.48,0.38,0.6,1.002,-4.0000000000000036,3.77,0.5,0.83
185,Beverton-Holt,alpha,7.05,Ricker,0.33,0.01,0.91,1.001,-95.31914893617021,7.05,1.4,-2.1
185,Beverton-Holt,b_for,-2.1,Ricker,-0.83,-1.54,-0.1,1.003,-60.476190476190474,7.05,1.4,-2.1
185,Beverton-Holt,sigma,1.4,Ricker,2.37,1.92,2.95,1.002,69.2857142857143,7.05,1.4,-2.1
185,Beverton-Holt,alpha,7.05,Beverton-Holt,4.59,1.13,9.59,1.009,-34.8936170212766,7.05,1.4,-2.1
185,Beverton-Holt,b_for,-2.1,Beverton-Holt,-2.09,-2.57,-1.38,1.007,-0.47619047619048716,7.05,1.4,-2.1
185,Beverton-Holt,sigma,1.4,Beverton-Holt,1.58,1.26,2.07,1.01,12.857142857142868,7.05,1.4,-2.1
187,Beverton-Holt,alpha,5.92,Ricker,0.46,0.02,1.15,1.002,-92.22972972972973,5.92,1.7,0.23
187,Beverton-Holt,b_for,0.23,Ricker,-0.06,-0.76,0.66,1.001,-126.08695652173914,5.92,1.7,0.23
187,Beverton-Holt,sigma,1.7,Ricker,2.56,2.09,3.19,1,50.58823529411766,5.92,1.7,0.23
187,Beverton-Holt,alpha,5.92,Beverton-Holt,3.11,0.37,9.04,1.014,-47.46621621621622,5.92,1.7,0.23
187,Beverton-Holt,b_for,0.23,Beverton-Holt,0.15,-0.53,0.79,1.008,-34.78260869565218,5.92,1.7,0.23
187,Beverton-Holt,sigma,1.7,Beverton-Holt,2.18,1.73,2.74,1.004,28.235294117647072,5.92,1.7,0.23
191,Beverton-Holt,alpha,6.51,Ricker,0.28,0.04,0.59,1.001,-95.6989247311828,6.51,0.7,-1.68
191,Beverton-Holt,b_for,-1.68,Ricker,-0.92,-1.32,-0.51,1.003,-45.238095238095234,6.51,0.7,-1.68
191,Beverton-Holt,sigma,0.7,Ricker,1.03,0.83,1.29,1.001,47.14285714285715,6.51,0.7,-1.68
191,Beverton-Holt,alpha,6.51,Beverton-Holt,4.19,1.78,9.56,1.01,-35.637480798771115,6.51,0.7,-1.68
191,Beverton-Holt,b_for,-1.68,Beverton-Holt,-1.64,-1.81,-1.45,1.003,-2.380952380952383,6.51,0.7,-1.68
191,Beverton-Holt,sigma,0.7,Beverton-Holt,0.54,0.44,0.67,1,-22.857142857142847,6.51,0.7,-1.68
195,Beverton-Holt,alpha,5.65,Ricker,0.89,0.33,1.45,0.999,-84.24778761061947,5.65,1.4,0.47
195,Beverton-Holt,b_for,0.47,Ricker,0.09,-0.4,0.57,1,-80.85106382978724,5.65,1.4,0.47
195,Beverton-Holt,sigma,1.4,Ricker,1.66,1.34,2.08,1.001,18.571428571428573,5.65,1.4,0.47
195,Beverton-Holt,alpha,5.65,Beverton-Holt,5.91,2.11,9.81,1.001,4.60176991150442,5.65,1.4,0.47
195,Beverton-Holt,b_for,0.47,Beverton-Holt,0.42,-0.03,0.87,1,-10.638297872340424,5.65,1.4,0.47
195,Beverton-Holt,sigma,1.4,Beverton-Holt,1.49,1.2,1.86,1.001,6.428571428571434,5.65,1.4,0.47
